# Blender 4.4.3
# www.blender.org
mtllib bal.mtl
o Cube
v 0.500000 1.718838 -0.500000
v 0.500000 0.718838 -0.500000
v 0.500000 1.718838 0.500000
v 0.500000 0.718838 0.500000
v -0.500000 1.718838 -0.500000
v -0.500000 0.718838 -0.500000
v -0.500000 1.718838 0.500000
v -0.500000 0.718838 0.500000
v -0.516559 0.702279 -0.464747
v -0.535118 0.683720 -0.418850
v -0.554870 0.663968 -0.361202
v -0.572933 0.645905 -0.296650
v -0.588090 0.630747 -0.226929
v -0.599636 0.619202 -0.153401
v -0.606988 0.611850 -0.077335
v -0.609568 0.609270 -0.000000
v -0.606988 0.611850 0.077335
v -0.599636 0.619202 0.153401
v -0.588090 0.630748 0.226929
v -0.572933 0.645905 0.296650
v -0.554870 0.663968 0.361202
v -0.535118 0.683720 0.418850
v -0.516559 0.702279 0.464747
v 0.464747 0.702279 -0.516559
v 0.418849 0.683720 -0.535118
v 0.361202 0.663968 -0.554870
v 0.296650 0.645905 -0.572933
v 0.226929 0.630748 -0.588090
v 0.153401 0.619202 -0.599636
v 0.077335 0.611850 -0.606988
v 0.000000 0.609270 -0.609568
v -0.077335 0.611850 -0.606988
v -0.153401 0.619202 -0.599636
v -0.226929 0.630748 -0.588090
v -0.296650 0.645905 -0.572933
v -0.361202 0.663968 -0.554870
v -0.418850 0.683720 -0.535118
v -0.464747 0.702279 -0.516559
v 0.516559 1.683585 -0.516559
v 0.535118 1.637687 -0.535118
v 0.554870 1.580040 -0.554870
v 0.572933 1.515488 -0.572933
v 0.588090 1.445767 -0.588090
v 0.599636 1.372239 -0.599636
v 0.606988 1.296173 -0.606988
v 0.609568 1.218838 -0.609568
v 0.606988 1.141503 -0.606988
v 0.599636 1.065437 -0.599636
v 0.588090 0.991909 -0.588090
v 0.572933 0.922188 -0.572933
v 0.554870 0.857636 -0.554870
v 0.535118 0.799988 -0.535118
v 0.516559 0.754091 -0.516559
v -0.516559 0.754091 0.516559
v -0.535118 0.799988 0.535118
v -0.554870 0.857636 0.554870
v -0.572933 0.922188 0.572933
v -0.588090 0.991909 0.588090
v -0.599636 1.065437 0.599636
v -0.606988 1.141503 0.606988
v -0.609568 1.218838 0.609568
v -0.606988 1.296173 0.606988
v -0.599636 1.372239 0.599636
v -0.588090 1.445767 0.588090
v -0.572933 1.515488 0.572933
v -0.554870 1.580040 0.554870
v -0.535118 1.637687 0.535118
v -0.516559 1.683585 0.516559
v 0.516559 1.683585 0.516559
v 0.535118 1.637687 0.535118
v 0.554870 1.580040 0.554870
v 0.572933 1.515488 0.572933
v 0.588090 1.445767 0.588090
v 0.599636 1.372239 0.599636
v 0.606988 1.296173 0.606988
v 0.609568 1.218838 0.609568
v 0.606988 1.141503 0.606988
v 0.599636 1.065437 0.599636
v 0.588090 0.991909 0.588090
v 0.572933 0.922188 0.572933
v 0.554870 0.857636 0.554870
v 0.535118 0.799988 0.535118
v 0.516559 0.754091 0.516559
v -0.516559 1.683585 -0.516559
v -0.535118 1.637687 -0.535118
v -0.554870 1.580040 -0.554870
v -0.572933 1.515488 -0.572933
v -0.588090 1.445767 -0.588090
v -0.599636 1.372239 -0.599636
v -0.606988 1.296173 -0.606988
v -0.609568 1.218838 -0.609568
v -0.606988 1.141503 -0.606988
v -0.599636 1.065437 -0.599636
v -0.588090 0.991909 -0.588090
v -0.572933 0.922188 -0.572933
v -0.554870 0.857636 -0.554870
v -0.535118 0.799988 -0.535118
v -0.516559 0.754091 -0.516559
v 0.464747 1.735396 0.516559
v 0.418850 1.753956 0.535118
v 0.361202 1.773708 0.554870
v 0.296650 1.791771 0.572933
v 0.226929 1.806928 0.588090
v 0.153401 1.818473 0.599636
v 0.077335 1.825826 0.606988
v -0.000000 1.828406 0.609568
v -0.077335 1.825826 0.606988
v -0.153401 1.818473 0.599636
v -0.226929 1.806928 0.588090
v -0.296650 1.791771 0.572933
v -0.361202 1.773708 0.554870
v -0.418850 1.753956 0.535118
v -0.464747 1.735396 0.516559
v 0.516559 1.735396 -0.464747
v 0.535118 1.753956 -0.418850
v 0.554870 1.773708 -0.361202
v 0.572933 1.791771 -0.296650
v 0.588090 1.806928 -0.226929
v 0.599636 1.818473 -0.153401
v 0.606988 1.825826 -0.077335
v 0.609568 1.828406 0.000000
v 0.606988 1.825826 0.077335
v 0.599636 1.818473 0.153401
v 0.588090 1.806928 0.226929
v 0.572933 1.791771 0.296650
v 0.554870 1.773708 0.361202
v 0.535118 1.753956 0.418850
v 0.516559 1.735396 0.464747
v -0.464747 0.702279 0.516559
v -0.418850 0.683720 0.535118
v -0.361202 0.663968 0.554870
v -0.296650 0.645905 0.572933
v -0.226929 0.630747 0.588090
v -0.153401 0.619202 0.599636
v -0.077335 0.611850 0.606988
v -0.000000 0.609270 0.609568
v 0.077335 0.611850 0.606988
v 0.153401 0.619202 0.599636
v 0.226929 0.630748 0.588090
v 0.296650 0.645905 0.572933
v 0.361202 0.663968 0.554870
v 0.418850 0.683720 0.535118
v 0.464747 0.702279 0.516559
v -0.516559 1.735396 0.464747
v -0.535118 1.753955 0.418849
v -0.554870 1.773708 0.361202
v -0.572933 1.791771 0.296650
v -0.588090 1.806928 0.226929
v -0.599635 1.818473 0.153401
v -0.606988 1.825826 0.077335
v -0.609568 1.828406 -0.000000
v -0.606988 1.825826 -0.077335
v -0.599636 1.818473 -0.153401
v -0.588090 1.806928 -0.226929
v -0.572933 1.791771 -0.296650
v -0.554870 1.773708 -0.361202
v -0.535118 1.753956 -0.418850
v -0.516559 1.735396 -0.464747
v -0.464747 1.735396 -0.516559
v -0.418849 1.753956 -0.535118
v -0.361202 1.773708 -0.554870
v -0.296650 1.791771 -0.572933
v -0.226929 1.806928 -0.588090
v -0.153401 1.818473 -0.599636
v -0.077335 1.825826 -0.606988
v 0.000000 1.828406 -0.609568
v 0.077335 1.825826 -0.606988
v 0.153401 1.818473 -0.599636
v 0.226929 1.806928 -0.588090
v 0.296650 1.791771 -0.572933
v 0.361202 1.773708 -0.554870
v 0.418850 1.753956 -0.535118
v 0.464747 1.735396 -0.516559
v 0.516559 0.702279 0.464747
v 0.535118 0.683720 0.418849
v 0.554870 0.663968 0.361202
v 0.572933 0.645905 0.296650
v 0.588090 0.630748 0.226929
v 0.599636 0.619202 0.153401
v 0.606988 0.611850 0.077335
v 0.609568 0.609270 0.000000
v 0.606988 0.611850 -0.077335
v 0.599636 0.619202 -0.153401
v 0.588090 0.630748 -0.226929
v 0.572933 0.645905 -0.296650
v 0.554870 0.663968 -0.361202
v 0.535118 0.683720 -0.418850
v 0.516559 0.702279 -0.464747
v 0.473811 1.766741 -0.473811
v 0.422606 1.794791 -0.486965
v 0.363722 1.819448 -0.502284
v 0.298415 1.840747 -0.517192
v 0.228130 1.858150 -0.530075
v 0.154144 1.871167 -0.540086
v 0.077689 1.879325 -0.546572
v -0.000000 1.882150 -0.548879
v -0.077689 1.879325 -0.546572
v -0.154144 1.871167 -0.540086
v -0.228130 1.858150 -0.530075
v -0.298415 1.840747 -0.517192
v -0.363722 1.819448 -0.502284
v -0.422606 1.794791 -0.486965
v -0.473811 1.766741 -0.473811
v 0.486965 1.794791 -0.422606
v 0.431759 1.829299 -0.431759
v 0.370139 1.858587 -0.443351
v 0.302983 1.882971 -0.455302
v 0.231262 1.902488 -0.465946
v 0.156091 1.916864 -0.474400
v 0.078621 1.925747 -0.479976
v 0.000000 1.928787 -0.481988
v -0.078621 1.925747 -0.479976
v -0.156091 1.916864 -0.474400
v -0.231262 1.902488 -0.465946
v -0.302983 1.882971 -0.455302
v -0.370139 1.858587 -0.443351
v -0.431759 1.829299 -0.431759
v -0.486965 1.794791 -0.422606
v 0.502284 1.819448 -0.363722
v 0.443351 1.858588 -0.370139
v 0.378768 1.891537 -0.378768
v 0.309261 1.918608 -0.388034
v 0.235613 1.940000 -0.396532
v 0.158822 1.955567 -0.403440
v 0.079935 1.965077 -0.408082
v 0.000000 1.968298 -0.409780
v -0.079935 1.965077 -0.408082
v -0.158822 1.955567 -0.403440
v -0.235613 1.940000 -0.396532
v -0.309261 1.918609 -0.388034
v -0.378768 1.891537 -0.378768
v -0.443351 1.858588 -0.370139
v -0.502284 1.819448 -0.363722
v 0.517192 1.840747 -0.298415
v 0.455302 1.882971 -0.302983
v 0.388034 1.918609 -0.309261
v 0.316157 1.947828 -0.316157
v 0.240475 1.970746 -0.322659
v 0.161915 1.987280 -0.328070
v 0.081437 1.997298 -0.331770
v 0.000000 2.000667 -0.333140
v -0.081437 1.997298 -0.331770
v -0.161915 1.987280 -0.328070
v -0.240475 1.970746 -0.322659
v -0.316157 1.947828 -0.316157
v -0.388034 1.918609 -0.309261
v -0.455302 1.882971 -0.302983
v -0.517192 1.840747 -0.298415
v 0.530075 1.858150 -0.228130
v 0.465946 1.902488 -0.231262
v 0.396532 1.940000 -0.235613
v 0.322659 1.970746 -0.240475
v 0.245171 1.994762 -0.245171
v 0.164959 2.012001 -0.249156
v 0.082933 2.022394 -0.251922
v 0.000000 2.025873 -0.252957
v -0.082933 2.022394 -0.251922
v -0.164959 2.012001 -0.249156
v -0.245171 1.994762 -0.245171
v -0.322659 1.970746 -0.240475
v -0.396532 1.940000 -0.235613
v -0.465946 1.902487 -0.231262
v -0.530075 1.858150 -0.228130
v 0.540086 1.871167 -0.154144
v 0.474400 1.916864 -0.156091
v 0.403440 1.955567 -0.158822
v 0.328070 1.987280 -0.161915
v 0.249156 2.012001 -0.164959
v 0.167582 2.029700 -0.167582
v 0.084234 2.040345 -0.169421
v -0.000000 2.043901 -0.170115
v -0.084234 2.040345 -0.169421
v -0.167582 2.029700 -0.167582
v -0.249156 2.012001 -0.164959
v -0.328070 1.987280 -0.161915
v -0.403440 1.955567 -0.158822
v -0.474400 1.916864 -0.156091
v -0.540086 1.871167 -0.154144
v 0.546572 1.879325 -0.077689
v 0.479976 1.925747 -0.078621
v 0.408082 1.965077 -0.079935
v 0.331770 1.997298 -0.081437
v 0.251922 2.022394 -0.082933
v 0.169421 2.040345 -0.084234
v 0.085153 2.051131 -0.085153
v -0.000000 2.054730 -0.085501
v -0.085153 2.051131 -0.085153
v -0.169421 2.040345 -0.084234
v -0.251922 2.022394 -0.082933
v -0.331770 1.997298 -0.081437
v -0.408082 1.965077 -0.079935
v -0.479976 1.925747 -0.078621
v -0.546572 1.879325 -0.077689
v 0.548879 1.882150 0.000000
v 0.481988 1.928787 0.000000
v 0.409780 1.968298 0.000000
v 0.333140 2.000667 0.000000
v 0.252957 2.025873 -0.000000
v 0.170115 2.043900 -0.000000
v 0.085500 2.054730 -0.000000
v -0.000000 2.058344 -0.000000
v -0.085500 2.054730 -0.000000
v -0.170115 2.043901 -0.000000
v -0.252957 2.025873 -0.000000
v -0.333140 2.000667 -0.000000
v -0.409780 1.968298 -0.000000
v -0.481988 1.928787 -0.000000
v -0.548879 1.882150 -0.000000
v 0.546572 1.879325 0.077689
v 0.479976 1.925747 0.078621
v 0.408082 1.965077 0.079935
v 0.331770 1.997298 0.081437
v 0.251922 2.022394 0.082933
v 0.169421 2.040345 0.084234
v 0.085153 2.051131 0.085153
v -0.000000 2.054730 0.085500
v -0.085153 2.051131 0.085153
v -0.169421 2.040345 0.084234
v -0.251922 2.022394 0.082933
v -0.331770 1.997298 0.081437
v -0.408082 1.965077 0.079935
v -0.479976 1.925747 0.078621
v -0.546572 1.879325 0.077689
v 0.540086 1.871167 0.154144
v 0.474400 1.916864 0.156091
v 0.403440 1.955567 0.158822
v 0.328070 1.987280 0.161916
v 0.249156 2.012001 0.164959
v 0.167582 2.029700 0.167582
v 0.084234 2.040345 0.169421
v -0.000000 2.043901 0.170115
v -0.084234 2.040345 0.169421
v -0.167582 2.029700 0.167582
v -0.249156 2.012001 0.164959
v -0.328070 1.987280 0.161915
v -0.403440 1.955567 0.158822
v -0.474400 1.916864 0.156091
v -0.540086 1.871167 0.154144
v 0.530075 1.858150 0.228130
v 0.465946 1.902488 0.231262
v 0.396532 1.940000 0.235613
v 0.322659 1.970746 0.240475
v 0.245171 1.994762 0.245171
v 0.164959 2.012001 0.249156
v 0.082933 2.022394 0.251922
v -0.000000 2.025873 0.252957
v -0.082933 2.022394 0.251922
v -0.164959 2.012001 0.249156
v -0.245171 1.994762 0.245171
v -0.322659 1.970746 0.240475
v -0.396532 1.940000 0.235613
v -0.465946 1.902488 0.231262
v -0.530075 1.858150 0.228130
v 0.517192 1.840747 0.298415
v 0.455302 1.882971 0.302983
v 0.388034 1.918608 0.309261
v 0.316157 1.947828 0.316157
v 0.240475 1.970746 0.322659
v 0.161915 1.987280 0.328070
v 0.081437 1.997298 0.331770
v -0.000000 2.000667 0.333140
v -0.081437 1.997298 0.331770
v -0.161915 1.987280 0.328070
v -0.240475 1.970746 0.322659
v -0.316157 1.947828 0.316157
v -0.388034 1.918609 0.309261
v -0.455302 1.882971 0.302983
v -0.517192 1.840747 0.298415
v 0.502284 1.819448 0.363722
v 0.443351 1.858587 0.370139
v 0.378768 1.891537 0.378768
v 0.309261 1.918609 0.388034
v 0.235613 1.940000 0.396532
v 0.158822 1.955567 0.403440
v 0.079935 1.965077 0.408082
v -0.000000 1.968298 0.409780
v -0.079935 1.965077 0.408082
v -0.158822 1.955567 0.403440
v -0.235613 1.940000 0.396532
v -0.309261 1.918609 0.388034
v -0.378768 1.891537 0.378768
v -0.443351 1.858587 0.370139
v -0.502284 1.819448 0.363722
v 0.486965 1.794791 0.422606
v 0.431759 1.829299 0.431759
v 0.370139 1.858588 0.443351
v 0.302983 1.882971 0.455302
v 0.231262 1.902487 0.465946
v 0.156091 1.916864 0.474400
v 0.078621 1.925747 0.479976
v -0.000000 1.928787 0.481988
v -0.078621 1.925747 0.479976
v -0.156091 1.916864 0.474400
v -0.231262 1.902487 0.465946
v -0.302983 1.882971 0.455302
v -0.370139 1.858587 0.443351
v -0.431759 1.829299 0.431759
v -0.486965 1.794791 0.422606
v 0.473811 1.766741 0.473811
v 0.422606 1.794791 0.486965
v 0.363722 1.819448 0.502284
v 0.298415 1.840747 0.517192
v 0.228130 1.858150 0.530075
v 0.154144 1.871167 0.540086
v 0.077689 1.879325 0.546572
v -0.000000 1.882150 0.548879
v -0.077689 1.879325 0.546572
v -0.154144 1.871167 0.540086
v -0.228130 1.858150 0.530075
v -0.298415 1.840747 0.517192
v -0.363722 1.819448 0.502284
v -0.422606 1.794791 0.486965
v -0.473811 1.766741 0.473811
v 0.473811 0.745027 0.547903
v 0.486965 0.796232 0.575953
v 0.502284 0.855116 0.600610
v 0.517192 0.920423 0.621909
v 0.530075 0.990708 0.639312
v 0.540086 1.064694 0.652329
v 0.546572 1.141149 0.660487
v 0.548879 1.218838 0.663312
v 0.546572 1.296527 0.660487
v 0.540086 1.372981 0.652329
v 0.530075 1.446968 0.639312
v 0.517192 1.517253 0.621909
v 0.502284 1.582560 0.600610
v 0.486965 1.641444 0.575953
v 0.473811 1.692649 0.547903
v 0.422606 0.731873 0.575953
v 0.431759 0.787079 0.610461
v 0.443351 0.848699 0.639750
v 0.455302 0.915855 0.664133
v 0.465946 0.987576 0.683650
v 0.474400 1.062747 0.698026
v 0.479976 1.140217 0.706910
v 0.481988 1.218838 0.709949
v 0.479976 1.297458 0.706909
v 0.474400 1.374929 0.698026
v 0.465946 1.450100 0.683650
v 0.455302 1.521820 0.664133
v 0.443351 1.588977 0.639750
v 0.431759 1.650597 0.610461
v 0.422606 1.705803 0.575953
v 0.363722 0.716554 0.600610
v 0.370139 0.775487 0.639750
v 0.378768 0.840070 0.672700
v 0.388034 0.909577 0.699771
v 0.396532 0.983225 0.721162
v 0.403440 1.060016 0.736729
v 0.408082 1.138903 0.746239
v 0.409780 1.218838 0.749461
v 0.408082 1.298773 0.746239
v 0.403440 1.377660 0.736729
v 0.396532 1.454451 0.721162
v 0.388034 1.528098 0.699771
v 0.378768 1.597606 0.672700
v 0.370139 1.662189 0.639750
v 0.363722 1.721122 0.600610
v 0.298415 0.701646 0.621909
v 0.302983 0.763536 0.664133
v 0.309261 0.830804 0.699771
v 0.316157 0.902681 0.728990
v 0.322659 0.978363 0.751908
v 0.328070 1.056922 0.768442
v 0.331770 1.137401 0.778460
v 0.333140 1.218838 0.781829
v 0.331770 1.300275 0.778460
v 0.328070 1.380753 0.768442
v 0.322659 1.459313 0.751908
v 0.316157 1.534995 0.728990
v 0.309261 1.606871 0.699771
v 0.302983 1.674140 0.664133
v 0.298415 1.736030 0.621909
v 0.228130 0.688763 0.639312
v 0.231262 0.752892 0.683650
v 0.235613 0.822306 0.721162
v 0.240475 0.896178 0.751908
v 0.245171 0.973667 0.775924
v 0.249156 1.053878 0.793163
v 0.251922 1.135904 0.803556
v 0.252957 1.218838 0.807036
v 0.251922 1.301771 0.803556
v 0.249156 1.383797 0.793163
v 0.245171 1.464008 0.775924
v 0.240475 1.541497 0.751908
v 0.235613 1.615370 0.721162
v 0.231262 1.684784 0.683650
v 0.228130 1.748913 0.639312
v 0.154144 0.678752 0.652329
v 0.156091 0.744438 0.698026
v 0.158822 0.815398 0.736729
v 0.161915 0.890768 0.768442
v 0.164959 0.969682 0.793163
v 0.167582 1.051256 0.810862
v 0.169421 1.134603 0.821507
v 0.170115 1.218838 0.825063
v 0.169421 1.303072 0.821507
v 0.167582 1.386420 0.810862
v 0.164959 1.467994 0.793163
v 0.161915 1.546908 0.768442
v 0.158822 1.622278 0.736729
v 0.156091 1.693238 0.698026
v 0.154144 1.758924 0.652329
v 0.077689 0.672266 0.660487
v 0.078621 0.738861 0.706909
v 0.079935 0.810756 0.746239
v 0.081437 0.887068 0.778460
v 0.082933 0.966916 0.803556
v 0.084234 1.049417 0.821507
v 0.085153 1.133685 0.832293
v 0.085501 1.218838 0.835892
v 0.085153 1.303991 0.832293
v 0.084234 1.388259 0.821507
v 0.082933 1.470760 0.803556
v 0.081437 1.550608 0.778460
v 0.079935 1.626920 0.746239
v 0.078621 1.698814 0.706910
v 0.077689 1.765410 0.660487
v -0.000000 0.669958 0.663312
v -0.000000 0.736850 0.709949
v -0.000000 0.809058 0.749460
v -0.000000 0.885697 0.781829
v -0.000000 0.965881 0.807036
v 0.000000 1.048723 0.825063
v 0.000000 1.133337 0.835892
v 0.000000 1.218838 0.839506
v 0.000000 1.304338 0.835892
v 0.000000 1.388953 0.825063
v 0.000000 1.471795 0.807036
v 0.000000 1.551978 0.781829
v 0.000000 1.628617 0.749461
v 0.000000 1.700826 0.709949
v 0.000000 1.767717 0.663312
v -0.077689 0.672266 0.660487
v -0.078621 0.738861 0.706909
v -0.079935 0.810756 0.746239
v -0.081437 0.887068 0.778460
v -0.082933 0.966916 0.803556
v -0.084234 1.049417 0.821507
v -0.085153 1.133685 0.832293
v -0.085500 1.218838 0.835892
v -0.085153 1.303991 0.832293
v -0.084234 1.388259 0.821507
v -0.082933 1.470760 0.803556
v -0.081437 1.550608 0.778460
v -0.079935 1.626920 0.746239
v -0.078621 1.698814 0.706909
v -0.077689 1.765410 0.660487
v -0.154144 0.678752 0.652329
v -0.156091 0.744438 0.698026
v -0.158822 0.815398 0.736729
v -0.161915 0.890768 0.768442
v -0.164959 0.969682 0.793163
v -0.167582 1.051256 0.810862
v -0.169421 1.134603 0.821507
v -0.170115 1.218838 0.825063
v -0.169421 1.303072 0.821507
v -0.167582 1.386420 0.810862
v -0.164959 1.467994 0.793163
v -0.161915 1.546908 0.768442
v -0.158822 1.622278 0.736729
v -0.156091 1.693238 0.698026
v -0.154144 1.758924 0.652329
v -0.228130 0.688763 0.639312
v -0.231262 0.752892 0.683650
v -0.235613 0.822306 0.721162
v -0.240475 0.896178 0.751908
v -0.245171 0.973667 0.775924
v -0.249156 1.053878 0.793163
v -0.251922 1.135904 0.803556
v -0.252957 1.218838 0.807036
v -0.251922 1.301771 0.803556
v -0.249156 1.383797 0.793163
v -0.245171 1.464008 0.775924
v -0.240475 1.541497 0.751908
v -0.235613 1.615370 0.721162
v -0.231262 1.684784 0.683650
v -0.228130 1.748913 0.639312
v -0.298415 0.701646 0.621909
v -0.302983 0.763536 0.664133
v -0.309261 0.830804 0.699771
v -0.316157 0.902681 0.728990
v -0.322659 0.978363 0.751908
v -0.328070 1.056922 0.768442
v -0.331770 1.137401 0.778460
v -0.333140 1.218838 0.781829
v -0.331770 1.300275 0.778460
v -0.328070 1.380753 0.768442
v -0.322659 1.459313 0.751908
v -0.316157 1.534995 0.728990
v -0.309261 1.606871 0.699771
v -0.302983 1.674140 0.664133
v -0.298415 1.736030 0.621909
v -0.363722 0.716554 0.600610
v -0.370139 0.775487 0.639750
v -0.378768 0.840070 0.672700
v -0.388034 0.909577 0.699771
v -0.396532 0.983225 0.721162
v -0.403440 1.060016 0.736729
v -0.408082 1.138903 0.746239
v -0.409780 1.218838 0.749461
v -0.408082 1.298773 0.746239
v -0.403440 1.377660 0.736729
v -0.396532 1.454451 0.721162
v -0.388034 1.528098 0.699771
v -0.378768 1.597606 0.672700
v -0.370139 1.662189 0.639750
v -0.363722 1.721121 0.600610
v -0.422606 0.731873 0.575953
v -0.431759 0.787079 0.610461
v -0.443351 0.848699 0.639750
v -0.455302 0.915855 0.664133
v -0.465946 0.987576 0.683650
v -0.474400 1.062747 0.698026
v -0.479976 1.140217 0.706909
v -0.481988 1.218838 0.709949
v -0.479976 1.297458 0.706909
v -0.474400 1.374929 0.698026
v -0.465946 1.450100 0.683650
v -0.455302 1.521820 0.664133
v -0.443351 1.588977 0.639750
v -0.431759 1.650597 0.610461
v -0.422606 1.705802 0.575953
v -0.473811 0.745027 0.547903
v -0.486965 0.796232 0.575953
v -0.502284 0.855116 0.600610
v -0.517192 0.920423 0.621909
v -0.530075 0.990708 0.639312
v -0.540086 1.064694 0.652329
v -0.546572 1.141149 0.660487
v -0.548879 1.218838 0.663312
v -0.546572 1.296527 0.660487
v -0.540086 1.372981 0.652329
v -0.530075 1.446968 0.639312
v -0.517192 1.517253 0.621909
v -0.502284 1.582560 0.600610
v -0.486965 1.641444 0.575953
v -0.473811 1.692649 0.547903
v -0.547903 0.745027 0.473811
v -0.575953 0.796232 0.486965
v -0.600610 0.855116 0.502284
v -0.621909 0.920423 0.517192
v -0.639312 0.990708 0.530075
v -0.652329 1.064694 0.540086
v -0.660487 1.141149 0.546572
v -0.663312 1.218838 0.548879
v -0.660487 1.296527 0.546572
v -0.652329 1.372981 0.540086
v -0.639312 1.446968 0.530075
v -0.621909 1.517253 0.517192
v -0.600610 1.582560 0.502284
v -0.575953 1.641444 0.486965
v -0.547903 1.692649 0.473811
v -0.575953 0.731873 0.422606
v -0.610461 0.787079 0.431759
v -0.639750 0.848699 0.443351
v -0.664133 0.915855 0.455302
v -0.683650 0.987576 0.465946
v -0.698026 1.062747 0.474400
v -0.706910 1.140217 0.479976
v -0.709949 1.218838 0.481988
v -0.706909 1.297458 0.479976
v -0.698026 1.374929 0.474400
v -0.683650 1.450100 0.465946
v -0.664133 1.521820 0.455302
v -0.639750 1.588977 0.443351
v -0.610461 1.650597 0.431759
v -0.575953 1.705803 0.422606
v -0.600610 0.716554 0.363722
v -0.639750 0.775487 0.370139
v -0.672700 0.840070 0.378768
v -0.699771 0.909577 0.388034
v -0.721162 0.983225 0.396532
v -0.736729 1.060016 0.403440
v -0.746239 1.138903 0.408082
v -0.749461 1.218838 0.409780
v -0.746239 1.298773 0.408082
v -0.736729 1.377660 0.403440
v -0.721162 1.454451 0.396532
v -0.699771 1.528098 0.388034
v -0.672700 1.597606 0.378768
v -0.639750 1.662189 0.370139
v -0.600610 1.721121 0.363722
v -0.621909 0.701646 0.298415
v -0.664133 0.763536 0.302983
v -0.699771 0.830804 0.309261
v -0.728990 0.902681 0.316157
v -0.751908 0.978363 0.322659
v -0.768442 1.056922 0.328070
v -0.778460 1.137401 0.331770
v -0.781829 1.218838 0.333140
v -0.778460 1.300275 0.331770
v -0.768442 1.380753 0.328070
v -0.751908 1.459313 0.322659
v -0.728990 1.534995 0.316157
v -0.699771 1.606871 0.309261
v -0.664133 1.674140 0.302983
v -0.621909 1.736030 0.298415
v -0.639312 0.688763 0.228130
v -0.683650 0.752892 0.231262
v -0.721162 0.822306 0.235613
v -0.751908 0.896178 0.240475
v -0.775924 0.973667 0.245171
v -0.793163 1.053878 0.249156
v -0.803556 1.135904 0.251922
v -0.807036 1.218838 0.252957
v -0.803556 1.301771 0.251922
v -0.793163 1.383797 0.249156
v -0.775924 1.464008 0.245171
v -0.751908 1.541497 0.240475
v -0.721162 1.615370 0.235613
v -0.683650 1.684784 0.231262
v -0.639312 1.748913 0.228130
v -0.652329 0.678752 0.154144
v -0.698026 0.744438 0.156091
v -0.736729 0.815398 0.158822
v -0.768442 0.890768 0.161915
v -0.793163 0.969682 0.164959
v -0.810862 1.051256 0.167582
v -0.821507 1.134603 0.169421
v -0.825063 1.218838 0.170115
v -0.821507 1.303072 0.169421
v -0.810862 1.386420 0.167582
v -0.793163 1.467994 0.164959
v -0.768442 1.546908 0.161915
v -0.736729 1.622278 0.158822
v -0.698026 1.693238 0.156091
v -0.652329 1.758924 0.154144
v -0.660487 0.672266 0.077689
v -0.706909 0.738861 0.078621
v -0.746239 0.810756 0.079935
v -0.778460 0.887068 0.081437
v -0.803556 0.966916 0.082933
v -0.821507 1.049417 0.084234
v -0.832293 1.133685 0.085153
v -0.835892 1.218838 0.085500
v -0.832293 1.303991 0.085153
v -0.821507 1.388259 0.084234
v -0.803556 1.470760 0.082933
v -0.778460 1.550608 0.081437
v -0.746239 1.626920 0.079935
v -0.706909 1.698814 0.078621
v -0.660487 1.765410 0.077689
v -0.663312 0.669958 -0.000000
v -0.709949 0.736850 -0.000000
v -0.749460 0.809058 -0.000000
v -0.781829 0.885697 -0.000000
v -0.807036 0.965881 -0.000000
v -0.825063 1.048723 -0.000000
v -0.835892 1.133337 -0.000000
v -0.839506 1.218838 -0.000000
v -0.835892 1.304338 -0.000000
v -0.825063 1.388953 -0.000000
v -0.807036 1.471795 -0.000000
v -0.781829 1.551978 0.000000
v -0.749461 1.628617 -0.000000
v -0.709949 1.700826 -0.000000
v -0.663312 1.767717 -0.000000
v -0.660487 0.672266 -0.077689
v -0.706909 0.738861 -0.078621
v -0.746239 0.810756 -0.079935
v -0.778460 0.887068 -0.081437
v -0.803556 0.966916 -0.082933
v -0.821507 1.049417 -0.084234
v -0.832293 1.133685 -0.085153
v -0.835892 1.218838 -0.085500
v -0.832293 1.303991 -0.085153
v -0.821507 1.388259 -0.084234
v -0.803556 1.470760 -0.082933
v -0.778460 1.550608 -0.081437
v -0.746239 1.626920 -0.079935
v -0.706909 1.698814 -0.078621
v -0.660487 1.765410 -0.077689
v -0.652329 0.678752 -0.154144
v -0.698026 0.744438 -0.156091
v -0.736729 0.815398 -0.158822
v -0.768442 0.890768 -0.161915
v -0.793163 0.969682 -0.164959
v -0.810862 1.051256 -0.167582
v -0.821507 1.134603 -0.169421
v -0.825063 1.218838 -0.170115
v -0.821507 1.303072 -0.169421
v -0.810862 1.386420 -0.167582
v -0.793163 1.467994 -0.164959
v -0.768442 1.546908 -0.161916
v -0.736729 1.622278 -0.158822
v -0.698026 1.693238 -0.156091
v -0.652329 1.758924 -0.154144
v -0.639312 0.688763 -0.228130
v -0.683650 0.752892 -0.231262
v -0.721162 0.822306 -0.235613
v -0.751908 0.896178 -0.240475
v -0.775924 0.973667 -0.245171
v -0.793163 1.053878 -0.249156
v -0.803556 1.135904 -0.251922
v -0.807036 1.218838 -0.252957
v -0.803556 1.301771 -0.251922
v -0.793163 1.383797 -0.249156
v -0.775924 1.464008 -0.245171
v -0.751908 1.541497 -0.240475
v -0.721162 1.615370 -0.235613
v -0.683650 1.684784 -0.231262
v -0.639312 1.748913 -0.228130
v -0.621909 0.701646 -0.298415
v -0.664133 0.763536 -0.302983
v -0.699771 0.830804 -0.309261
v -0.728990 0.902681 -0.316157
v -0.751908 0.978363 -0.322659
v -0.768442 1.056922 -0.328070
v -0.778460 1.137401 -0.331770
v -0.781829 1.218838 -0.333140
v -0.778460 1.300275 -0.331770
v -0.768442 1.380753 -0.328070
v -0.751908 1.459313 -0.322659
v -0.728990 1.534995 -0.316157
v -0.699771 1.606871 -0.309261
v -0.664133 1.674140 -0.302983
v -0.621909 1.736030 -0.298415
v -0.600610 0.716554 -0.363722
v -0.639749 0.775487 -0.370139
v -0.672700 0.840070 -0.378768
v -0.699771 0.909577 -0.388034
v -0.721162 0.983225 -0.396532
v -0.736729 1.060016 -0.403440
v -0.746239 1.138903 -0.408082
v -0.749461 1.218838 -0.409780
v -0.746239 1.298773 -0.408082
v -0.736729 1.377660 -0.403440
v -0.721162 1.454451 -0.396532
v -0.699771 1.528098 -0.388034
v -0.672700 1.597606 -0.378768
v -0.639750 1.662189 -0.370139
v -0.600610 1.721121 -0.363722
v -0.575953 0.731873 -0.422606
v -0.610461 0.787079 -0.431759
v -0.639750 0.848699 -0.443351
v -0.664133 0.915855 -0.455302
v -0.683650 0.987576 -0.465946
v -0.698026 1.062747 -0.474400
v -0.706909 1.140217 -0.479976
v -0.709949 1.218838 -0.481988
v -0.706909 1.297458 -0.479976
v -0.698026 1.374929 -0.474400
v -0.683650 1.450100 -0.465946
v -0.664133 1.521820 -0.455302
v -0.639750 1.588977 -0.443351
v -0.610461 1.650597 -0.431759
v -0.575953 1.705802 -0.422606
v -0.547903 0.745027 -0.473811
v -0.575953 0.796232 -0.486965
v -0.600610 0.855116 -0.502284
v -0.621909 0.920423 -0.517192
v -0.639312 0.990708 -0.530075
v -0.652329 1.064694 -0.540086
v -0.660487 1.141149 -0.546572
v -0.663312 1.218838 -0.548879
v -0.660487 1.296527 -0.546572
v -0.652329 1.372981 -0.540086
v -0.639312 1.446968 -0.530075
v -0.621909 1.517253 -0.517192
v -0.600610 1.582560 -0.502284
v -0.575953 1.641444 -0.486965
v -0.547903 1.692649 -0.473811
v -0.473811 0.670935 -0.473811
v -0.422606 0.642885 -0.486965
v -0.363722 0.618228 -0.502284
v -0.298415 0.596928 -0.517192
v -0.228130 0.579526 -0.530075
v -0.154144 0.566509 -0.540086
v -0.077689 0.558351 -0.546572
v -0.000000 0.555526 -0.548879
v 0.077689 0.558351 -0.546572
v 0.154144 0.566509 -0.540086
v 0.228130 0.579526 -0.530075
v 0.298415 0.596928 -0.517192
v 0.363722 0.618228 -0.502284
v 0.422606 0.642885 -0.486965
v 0.473811 0.670935 -0.473811
v -0.486965 0.642885 -0.422606
v -0.431759 0.608377 -0.431759
v -0.370139 0.579088 -0.443351
v -0.302983 0.554705 -0.455302
v -0.231262 0.535188 -0.465946
v -0.156091 0.520812 -0.474400
v -0.078621 0.511928 -0.479976
v -0.000000 0.508889 -0.481988
v 0.078621 0.511928 -0.479976
v 0.156091 0.520812 -0.474400
v 0.231262 0.535188 -0.465946
v 0.302983 0.554705 -0.455302
v 0.370139 0.579088 -0.443351
v 0.431759 0.608377 -0.431759
v 0.486965 0.642885 -0.422606
v -0.502284 0.618228 -0.363722
v -0.443351 0.579088 -0.370139
v -0.378768 0.546138 -0.378768
v -0.309261 0.519067 -0.388034
v -0.235613 0.497676 -0.396532
v -0.158822 0.482109 -0.403440
v -0.079935 0.472599 -0.408082
v -0.000000 0.469377 -0.409780
v 0.079935 0.472599 -0.408082
v 0.158822 0.482109 -0.403440
v 0.235613 0.497676 -0.396532
v 0.309261 0.519067 -0.388034
v 0.378768 0.546138 -0.378768
v 0.443351 0.579088 -0.370139
v 0.502284 0.618228 -0.363722
v -0.517192 0.596928 -0.298415
v -0.455302 0.554705 -0.302983
v -0.388034 0.519067 -0.309261
v -0.316157 0.489848 -0.316157
v -0.240475 0.466930 -0.322659
v -0.161915 0.450396 -0.328070
v -0.081437 0.440378 -0.331770
v -0.000000 0.437009 -0.333140
v 0.081437 0.440378 -0.331770
v 0.161915 0.450396 -0.328070
v 0.240475 0.466930 -0.322659
v 0.316157 0.489848 -0.316157
v 0.388034 0.519067 -0.309261
v 0.455302 0.554705 -0.302983
v 0.517192 0.596928 -0.298415
v -0.530075 0.579526 -0.228130
v -0.465946 0.535188 -0.231262
v -0.396532 0.497676 -0.235613
v -0.322659 0.466930 -0.240475
v -0.245171 0.442914 -0.245171
v -0.164959 0.425675 -0.249156
v -0.082933 0.415282 -0.251922
v -0.000000 0.411802 -0.252957
v 0.082933 0.415282 -0.251922
v 0.164959 0.425675 -0.249156
v 0.245171 0.442914 -0.245171
v 0.322659 0.466930 -0.240475
v 0.396532 0.497676 -0.235613
v 0.465946 0.535188 -0.231262
v 0.530075 0.579526 -0.228130
v -0.540086 0.566509 -0.154144
v -0.474400 0.520812 -0.156091
v -0.403440 0.482109 -0.158822
v -0.328070 0.450396 -0.161915
v -0.249156 0.425675 -0.164959
v -0.167582 0.407976 -0.167582
v -0.084234 0.397331 -0.169421
v -0.000000 0.393775 -0.170115
v 0.084234 0.397331 -0.169421
v 0.167582 0.407976 -0.167582
v 0.249156 0.425675 -0.164959
v 0.328070 0.450396 -0.161915
v 0.403440 0.482109 -0.158822
v 0.474400 0.520812 -0.156091
v 0.540086 0.566509 -0.154144
v -0.546572 0.558351 -0.077689
v -0.479976 0.511928 -0.078621
v -0.408082 0.472599 -0.079935
v -0.331770 0.440378 -0.081437
v -0.251922 0.415282 -0.082933
v -0.169421 0.397331 -0.084234
v -0.085153 0.386545 -0.085153
v -0.000000 0.382945 -0.085500
v 0.085153 0.386545 -0.085153
v 0.169421 0.397331 -0.084234
v 0.251922 0.415282 -0.082933
v 0.331770 0.440378 -0.081437
v 0.408082 0.472599 -0.079935
v 0.479976 0.511928 -0.078621
v 0.546572 0.558351 -0.077689
v -0.548879 0.555526 -0.000000
v -0.481988 0.508889 -0.000000
v -0.409780 0.469377 0.000000
v -0.333140 0.437009 0.000000
v -0.252957 0.411802 0.000000
v -0.170115 0.393775 0.000000
v -0.085500 0.382945 0.000000
v 0.000000 0.379332 0.000000
v 0.085500 0.382946 -0.000000
v 0.170115 0.393775 -0.000000
v 0.252957 0.411802 -0.000000
v 0.333140 0.437009 -0.000000
v 0.409780 0.469377 -0.000000
v 0.481988 0.508889 -0.000000
v 0.548879 0.555526 -0.000000
v -0.546572 0.558351 0.077689
v -0.479976 0.511928 0.078621
v -0.408082 0.472599 0.079935
v -0.331770 0.440378 0.081437
v -0.251922 0.415282 0.082933
v -0.169421 0.397331 0.084234
v -0.085153 0.386545 0.085153
v 0.000000 0.382946 0.085500
v 0.085153 0.386545 0.085153
v 0.169421 0.397331 0.084234
v 0.251922 0.415282 0.082933
v 0.331770 0.440378 0.081437
v 0.408082 0.472599 0.079935
v 0.479976 0.511928 0.078621
v 0.546572 0.558351 0.077689
v -0.540086 0.566509 0.154144
v -0.474400 0.520812 0.156091
v -0.403440 0.482109 0.158822
v -0.328070 0.450396 0.161916
v -0.249156 0.425675 0.164959
v -0.167582 0.407976 0.167582
v -0.084234 0.397331 0.169421
v 0.000000 0.393775 0.170115
v 0.084234 0.397331 0.169421
v 0.167582 0.407976 0.167582
v 0.249156 0.425675 0.164959
v 0.328070 0.450396 0.161915
v 0.403440 0.482109 0.158822
v 0.474400 0.520812 0.156091
v 0.540086 0.566509 0.154144
v -0.530075 0.579526 0.228130
v -0.465946 0.535188 0.231262
v -0.396532 0.497676 0.235613
v -0.322659 0.466930 0.240475
v -0.245171 0.442914 0.245171
v -0.164959 0.425675 0.249156
v -0.082933 0.415282 0.251922
v 0.000000 0.411802 0.252957
v 0.082933 0.415282 0.251922
v 0.164959 0.425675 0.249156
v 0.245171 0.442914 0.245171
v 0.322659 0.466930 0.240475
v 0.396532 0.497676 0.235613
v 0.465946 0.535188 0.231262
v 0.530075 0.579526 0.228130
v -0.517192 0.596928 0.298415
v -0.455302 0.554705 0.302983
v -0.388034 0.519067 0.309261
v -0.316157 0.489848 0.316157
v -0.240475 0.466930 0.322659
v -0.161915 0.450395 0.328070
v -0.081437 0.440378 0.331770
v 0.000000 0.437009 0.333140
v 0.081437 0.440378 0.331770
v 0.161915 0.450396 0.328070
v 0.240475 0.466930 0.322659
v 0.316157 0.489848 0.316157
v 0.388034 0.519067 0.309261
v 0.455302 0.554705 0.302983
v 0.517192 0.596928 0.298415
v -0.502284 0.618228 0.363722
v -0.443351 0.579088 0.370139
v -0.378768 0.546138 0.378768
v -0.309261 0.519067 0.388034
v -0.235613 0.497676 0.396532
v -0.158822 0.482109 0.403440
v -0.079935 0.472599 0.408082
v 0.000000 0.469377 0.409780
v 0.079935 0.472599 0.408082
v 0.158822 0.482109 0.403440
v 0.235613 0.497676 0.396532
v 0.309261 0.519067 0.388034
v 0.378768 0.546138 0.378768
v 0.443351 0.579088 0.370139
v 0.502284 0.618228 0.363722
v -0.486965 0.642885 0.422606
v -0.431759 0.608377 0.431759
v -0.370139 0.579088 0.443351
v -0.302983 0.554705 0.455302
v -0.231262 0.535188 0.465946
v -0.156091 0.520812 0.474400
v -0.078621 0.511928 0.479976
v 0.000000 0.508889 0.481988
v 0.078621 0.511928 0.479976
v 0.156091 0.520812 0.474400
v 0.231262 0.535188 0.465946
v 0.302983 0.554705 0.455302
v 0.370139 0.579088 0.443351
v 0.431759 0.608377 0.431759
v 0.486965 0.642885 0.422606
v -0.473811 0.670935 0.473811
v -0.422606 0.642885 0.486965
v -0.363722 0.618228 0.502284
v -0.298415 0.596929 0.517192
v -0.228130 0.579526 0.530075
v -0.154144 0.566509 0.540086
v -0.077689 0.558351 0.546572
v 0.000000 0.555526 0.548879
v 0.077689 0.558351 0.546572
v 0.154144 0.566509 0.540086
v 0.228130 0.579526 0.530075
v 0.298415 0.596928 0.517192
v 0.363722 0.618228 0.502284
v 0.422606 0.642885 0.486965
v 0.473811 0.670935 0.473811
v 0.547903 0.745027 -0.473811
v 0.575953 0.796232 -0.486965
v 0.600610 0.855116 -0.502284
v 0.621909 0.920423 -0.517192
v 0.639312 0.990708 -0.530075
v 0.652329 1.064694 -0.540086
v 0.660487 1.141149 -0.546572
v 0.663312 1.218838 -0.548879
v 0.660487 1.296527 -0.546572
v 0.652329 1.372981 -0.540086
v 0.639312 1.446968 -0.530075
v 0.621909 1.517253 -0.517192
v 0.600610 1.582560 -0.502284
v 0.575953 1.641444 -0.486965
v 0.547903 1.692649 -0.473811
v 0.575953 0.731873 -0.422606
v 0.610461 0.787079 -0.431759
v 0.639750 0.848699 -0.443351
v 0.664133 0.915855 -0.455302
v 0.683650 0.987576 -0.465946
v 0.698026 1.062747 -0.474400
v 0.706910 1.140217 -0.479976
v 0.709949 1.218838 -0.481988
v 0.706909 1.297458 -0.479976
v 0.698026 1.374929 -0.474400
v 0.683650 1.450100 -0.465946
v 0.664133 1.521820 -0.455302
v 0.639750 1.588977 -0.443351
v 0.610461 1.650597 -0.431759
v 0.575953 1.705803 -0.422606
v 0.600610 0.716554 -0.363722
v 0.639750 0.775487 -0.370139
v 0.672700 0.840070 -0.378768
v 0.699771 0.909577 -0.388034
v 0.721162 0.983225 -0.396532
v 0.736729 1.060016 -0.403440
v 0.746239 1.138903 -0.408082
v 0.749461 1.218838 -0.409780
v 0.746239 1.298773 -0.408082
v 0.736729 1.377660 -0.403440
v 0.721162 1.454451 -0.396532
v 0.699771 1.528098 -0.388034
v 0.672700 1.597606 -0.378768
v 0.639750 1.662189 -0.370139
v 0.600610 1.721122 -0.363722
v 0.621909 0.701646 -0.298415
v 0.664133 0.763536 -0.302983
v 0.699771 0.830804 -0.309261
v 0.728990 0.902681 -0.316157
v 0.751908 0.978363 -0.322659
v 0.768442 1.056922 -0.328070
v 0.778460 1.137401 -0.331770
v 0.781829 1.218838 -0.333140
v 0.778460 1.300275 -0.331770
v 0.768442 1.380753 -0.328070
v 0.751908 1.459313 -0.322659
v 0.728990 1.534995 -0.316157
v 0.699771 1.606871 -0.309261
v 0.664133 1.674140 -0.302983
v 0.621909 1.736030 -0.298415
v 0.639312 0.688763 -0.228130
v 0.683650 0.752892 -0.231262
v 0.721162 0.822306 -0.235613
v 0.751908 0.896178 -0.240475
v 0.775924 0.973667 -0.245171
v 0.793163 1.053878 -0.249156
v 0.803556 1.135904 -0.251922
v 0.807036 1.218838 -0.252957
v 0.803556 1.301771 -0.251922
v 0.793163 1.383797 -0.249156
v 0.775924 1.464008 -0.245171
v 0.751908 1.541497 -0.240475
v 0.721162 1.615370 -0.235613
v 0.683650 1.684784 -0.231262
v 0.639312 1.748913 -0.228130
v 0.652329 0.678752 -0.154144
v 0.698026 0.744438 -0.156091
v 0.736729 0.815398 -0.158822
v 0.768442 0.890768 -0.161915
v 0.793163 0.969682 -0.164959
v 0.810862 1.051256 -0.167582
v 0.821507 1.134603 -0.169421
v 0.825063 1.218838 -0.170115
v 0.821507 1.303072 -0.169421
v 0.810862 1.386420 -0.167582
v 0.793163 1.467994 -0.164959
v 0.768442 1.546908 -0.161915
v 0.736729 1.622278 -0.158822
v 0.698026 1.693238 -0.156091
v 0.652329 1.758924 -0.154144
v 0.660487 0.672266 -0.077689
v 0.706909 0.738861 -0.078621
v 0.746239 0.810756 -0.079935
v 0.778460 0.887068 -0.081437
v 0.803556 0.966916 -0.082933
v 0.821507 1.049417 -0.084234
v 0.832293 1.133685 -0.085153
v 0.835892 1.218838 -0.085501
v 0.832293 1.303991 -0.085153
v 0.821507 1.388259 -0.084234
v 0.803556 1.470760 -0.082933
v 0.778460 1.550608 -0.081437
v 0.746239 1.626920 -0.079935
v 0.706909 1.698814 -0.078621
v 0.660487 1.765410 -0.077689
v 0.663312 0.669958 -0.000000
v 0.709949 0.736850 0.000000
v 0.749461 0.809058 0.000000
v 0.781829 0.885697 0.000000
v 0.807036 0.965881 0.000000
v 0.825063 1.048723 -0.000000
v 0.835892 1.133337 -0.000000
v 0.839506 1.218838 -0.000000
v 0.835892 1.304338 -0.000000
v 0.825063 1.388953 -0.000000
v 0.807036 1.471795 -0.000000
v 0.781829 1.551978 -0.000000
v 0.749461 1.628617 -0.000000
v 0.709949 1.700826 -0.000000
v 0.663312 1.767717 -0.000000
v 0.660487 0.672266 0.077689
v 0.706909 0.738862 0.078621
v 0.746239 0.810756 0.079935
v 0.778460 0.887068 0.081437
v 0.803556 0.966916 0.082933
v 0.821507 1.049417 0.084234
v 0.832293 1.133685 0.085153
v 0.835892 1.218838 0.085500
v 0.832293 1.303991 0.085153
v 0.821507 1.388259 0.084234
v 0.803556 1.470760 0.082933
v 0.778460 1.550608 0.081437
v 0.746239 1.626920 0.079935
v 0.706909 1.698814 0.078621
v 0.660487 1.765410 0.077689
v 0.652329 0.678752 0.154144
v 0.698026 0.744438 0.156091
v 0.736729 0.815398 0.158822
v 0.768442 0.890768 0.161916
v 0.793163 0.969682 0.164959
v 0.810862 1.051256 0.167582
v 0.821507 1.134603 0.169421
v 0.825063 1.218838 0.170115
v 0.821507 1.303072 0.169421
v 0.810862 1.386420 0.167582
v 0.793163 1.467994 0.164959
v 0.768442 1.546908 0.161915
v 0.736729 1.622278 0.158822
v 0.698026 1.693238 0.156091
v 0.652329 1.758924 0.154144
v 0.639312 0.688763 0.228130
v 0.683650 0.752892 0.231262
v 0.721162 0.822306 0.235613
v 0.751908 0.896178 0.240475
v 0.775924 0.973667 0.245171
v 0.793163 1.053878 0.249156
v 0.803556 1.135904 0.251922
v 0.807036 1.218838 0.252957
v 0.803556 1.301771 0.251922
v 0.793163 1.383797 0.249156
v 0.775924 1.464008 0.245171
v 0.751908 1.541497 0.240475
v 0.721162 1.615370 0.235613
v 0.683650 1.684784 0.231262
v 0.639312 1.748913 0.228130
v 0.621909 0.701646 0.298415
v 0.664133 0.763536 0.302983
v 0.699771 0.830804 0.309261
v 0.728990 0.902681 0.316157
v 0.751908 0.978363 0.322659
v 0.768442 1.056922 0.328070
v 0.778460 1.137401 0.331770
v 0.781829 1.218838 0.333140
v 0.778460 1.300275 0.331770
v 0.768442 1.380753 0.328070
v 0.751908 1.459313 0.322659
v 0.728990 1.534995 0.316157
v 0.699771 1.606871 0.309261
v 0.664133 1.674140 0.302983
v 0.621909 1.736030 0.298415
v 0.600610 0.716554 0.363722
v 0.639749 0.775487 0.370139
v 0.672700 0.840070 0.378768
v 0.699771 0.909577 0.388034
v 0.721162 0.983225 0.396532
v 0.736729 1.060016 0.403440
v 0.746239 1.138903 0.408082
v 0.749461 1.218838 0.409780
v 0.746239 1.298773 0.408082
v 0.736729 1.377660 0.403440
v 0.721162 1.454451 0.396532
v 0.699771 1.528098 0.388034
v 0.672700 1.597606 0.378768
v 0.639750 1.662189 0.370139
v 0.600610 1.721121 0.363722
v 0.575953 0.731873 0.422606
v 0.610461 0.787079 0.431759
v 0.639750 0.848699 0.443351
v 0.664133 0.915855 0.455302
v 0.683650 0.987576 0.465946
v 0.698026 1.062747 0.474400
v 0.706909 1.140217 0.479976
v 0.709949 1.218838 0.481988
v 0.706909 1.297458 0.479976
v 0.698026 1.374929 0.474400
v 0.683650 1.450100 0.465946
v 0.664133 1.521820 0.455302
v 0.639750 1.588977 0.443351
v 0.610461 1.650597 0.431759
v 0.575953 1.705802 0.422606
v 0.547903 0.745027 0.473811
v 0.575953 0.796232 0.486965
v 0.600610 0.855116 0.502284
v 0.621909 0.920423 0.517192
v 0.639312 0.990708 0.530075
v 0.652329 1.064694 0.540086
v 0.660487 1.141149 0.546572
v 0.663312 1.218838 0.548879
v 0.660487 1.296527 0.546572
v 0.652329 1.372981 0.540086
v 0.639312 1.446968 0.530075
v 0.621909 1.517253 0.517192
v 0.600610 1.582560 0.502284
v 0.575953 1.641444 0.486965
v 0.547903 1.692649 0.473811
v -0.473811 0.745027 -0.547903
v -0.486965 0.796232 -0.575953
v -0.502284 0.855116 -0.600610
v -0.517192 0.920423 -0.621909
v -0.530075 0.990708 -0.639312
v -0.540086 1.064694 -0.652329
v -0.546572 1.141149 -0.660487
v -0.548879 1.218838 -0.663312
v -0.546572 1.296527 -0.660487
v -0.540086 1.372981 -0.652329
v -0.530075 1.446968 -0.639312
v -0.517192 1.517253 -0.621909
v -0.502284 1.582560 -0.600610
v -0.486965 1.641444 -0.575953
v -0.473811 1.692649 -0.547903
v -0.422606 0.731873 -0.575953
v -0.431759 0.787079 -0.610461
v -0.443351 0.848699 -0.639750
v -0.455302 0.915855 -0.664133
v -0.465946 0.987576 -0.683650
v -0.474400 1.062747 -0.698026
v -0.479976 1.140217 -0.706910
v -0.481988 1.218838 -0.709949
v -0.479976 1.297458 -0.706909
v -0.474400 1.374929 -0.698026
v -0.465946 1.450100 -0.683650
v -0.455302 1.521820 -0.664133
v -0.443351 1.588977 -0.639750
v -0.431759 1.650597 -0.610461
v -0.422606 1.705803 -0.575953
v -0.363722 0.716554 -0.600610
v -0.370139 0.775487 -0.639750
v -0.378768 0.840070 -0.672700
v -0.388034 0.909577 -0.699771
v -0.396532 0.983225 -0.721162
v -0.403440 1.060016 -0.736729
v -0.408082 1.138903 -0.746239
v -0.409780 1.218838 -0.749461
v -0.408082 1.298773 -0.746239
v -0.403440 1.377660 -0.736729
v -0.396532 1.454451 -0.721162
v -0.388034 1.528098 -0.699771
v -0.378768 1.597606 -0.672700
v -0.370139 1.662189 -0.639750
v -0.363722 1.721122 -0.600610
v -0.298415 0.701646 -0.621909
v -0.302983 0.763536 -0.664133
v -0.309261 0.830804 -0.699771
v -0.316157 0.902681 -0.728990
v -0.322659 0.978363 -0.751908
v -0.328070 1.056922 -0.768442
v -0.331770 1.137401 -0.778460
v -0.333140 1.218838 -0.781829
v -0.331770 1.300275 -0.778460
v -0.328070 1.380753 -0.768442
v -0.322659 1.459313 -0.751908
v -0.316157 1.534995 -0.728990
v -0.309261 1.606871 -0.699771
v -0.302983 1.674140 -0.664133
v -0.298415 1.736030 -0.621909
v -0.228130 0.688763 -0.639312
v -0.231262 0.752892 -0.683650
v -0.235613 0.822306 -0.721162
v -0.240475 0.896178 -0.751908
v -0.245171 0.973667 -0.775924
v -0.249156 1.053878 -0.793163
v -0.251922 1.135904 -0.803556
v -0.252957 1.218838 -0.807036
v -0.251922 1.301771 -0.803556
v -0.249156 1.383797 -0.793163
v -0.245171 1.464008 -0.775924
v -0.240475 1.541497 -0.751908
v -0.235613 1.615370 -0.721162
v -0.231262 1.684784 -0.683650
v -0.228130 1.748913 -0.639312
v -0.154144 0.678752 -0.652329
v -0.156091 0.744438 -0.698026
v -0.158822 0.815398 -0.736729
v -0.161915 0.890768 -0.768442
v -0.164959 0.969682 -0.793163
v -0.167582 1.051256 -0.810862
v -0.169421 1.134603 -0.821507
v -0.170115 1.218838 -0.825063
v -0.169421 1.303072 -0.821507
v -0.167582 1.386420 -0.810862
v -0.164959 1.467994 -0.793163
v -0.161915 1.546908 -0.768442
v -0.158822 1.622278 -0.736729
v -0.156091 1.693238 -0.698026
v -0.154144 1.758924 -0.652329
v -0.077689 0.672266 -0.660487
v -0.078621 0.738861 -0.706909
v -0.079935 0.810756 -0.746239
v -0.081437 0.887068 -0.778460
v -0.082933 0.966916 -0.803556
v -0.084234 1.049417 -0.821507
v -0.085153 1.133685 -0.832293
v -0.085500 1.218838 -0.835892
v -0.085153 1.303991 -0.832293
v -0.084234 1.388259 -0.821507
v -0.082933 1.470760 -0.803556
v -0.081437 1.550608 -0.778460
v -0.079935 1.626920 -0.746239
v -0.078621 1.698814 -0.706909
v -0.077689 1.765410 -0.660487
v 0.000000 0.669958 -0.663312
v 0.000000 0.736850 -0.709949
v 0.000000 0.809058 -0.749460
v 0.000000 0.885697 -0.781829
v 0.000000 0.965881 -0.807036
v 0.000000 1.048723 -0.825063
v 0.000000 1.133337 -0.835892
v 0.000000 1.218838 -0.839506
v 0.000000 1.304338 -0.835892
v 0.000000 1.388953 -0.825063
v 0.000000 1.471795 -0.807036
v -0.000000 1.551978 -0.781829
v -0.000000 1.628617 -0.749461
v -0.000000 1.700826 -0.709949
v -0.000000 1.767717 -0.663312
v 0.077689 0.672266 -0.660487
v 0.078621 0.738862 -0.706909
v 0.079935 0.810756 -0.746239
v 0.081437 0.887068 -0.778460
v 0.082933 0.966916 -0.803556
v 0.084234 1.049417 -0.821507
v 0.085153 1.133685 -0.832293
v 0.085500 1.218838 -0.835892
v 0.085153 1.303991 -0.832293
v 0.084234 1.388259 -0.821507
v 0.082933 1.470760 -0.803556
v 0.081437 1.550608 -0.778460
v 0.079935 1.626920 -0.746239
v 0.078621 1.698814 -0.706909
v 0.077689 1.765410 -0.660487
v 0.154144 0.678752 -0.652329
v 0.156091 0.744438 -0.698026
v 0.158822 0.815398 -0.736729
v 0.161916 0.890768 -0.768442
v 0.164959 0.969682 -0.793163
v 0.167582 1.051256 -0.810862
v 0.169421 1.134603 -0.821507
v 0.170115 1.218838 -0.825063
v 0.169421 1.303072 -0.821507
v 0.167582 1.386420 -0.810862
v 0.164959 1.467994 -0.793163
v 0.161915 1.546908 -0.768442
v 0.158822 1.622278 -0.736729
v 0.156091 1.693238 -0.698026
v 0.154144 1.758924 -0.652329
v 0.228130 0.688763 -0.639312
v 0.231262 0.752892 -0.683650
v 0.235613 0.822306 -0.721162
v 0.240475 0.896178 -0.751908
v 0.245171 0.973667 -0.775924
v 0.249156 1.053878 -0.793163
v 0.251922 1.135904 -0.803556
v 0.252957 1.218838 -0.807036
v 0.251922 1.301771 -0.803556
v 0.249156 1.383797 -0.793163
v 0.245171 1.464008 -0.775924
v 0.240475 1.541497 -0.751908
v 0.235613 1.615370 -0.721162
v 0.231262 1.684784 -0.683650
v 0.228130 1.748913 -0.639312
v 0.298415 0.701646 -0.621909
v 0.302983 0.763536 -0.664133
v 0.309261 0.830804 -0.699771
v 0.316157 0.902681 -0.728990
v 0.322659 0.978363 -0.751908
v 0.328070 1.056922 -0.768442
v 0.331770 1.137401 -0.778460
v 0.333140 1.218838 -0.781829
v 0.331770 1.300275 -0.778460
v 0.328070 1.380753 -0.768442
v 0.322659 1.459313 -0.751908
v 0.316157 1.534995 -0.728990
v 0.309261 1.606871 -0.699771
v 0.302983 1.674140 -0.664133
v 0.298415 1.736030 -0.621909
v 0.363722 0.716554 -0.600610
v 0.370139 0.775487 -0.639750
v 0.378768 0.840070 -0.672700
v 0.388034 0.909577 -0.699771
v 0.396532 0.983225 -0.721162
v 0.403440 1.060016 -0.736729
v 0.408082 1.138903 -0.746239
v 0.409780 1.218838 -0.749461
v 0.408082 1.298773 -0.746239
v 0.403440 1.377660 -0.736729
v 0.396532 1.454451 -0.721162
v 0.388034 1.528098 -0.699771
v 0.378768 1.597606 -0.672700
v 0.370139 1.662189 -0.639750
v 0.363722 1.721121 -0.600610
v 0.422606 0.731873 -0.575953
v 0.431759 0.787079 -0.610461
v 0.443351 0.848699 -0.639750
v 0.455302 0.915855 -0.664133
v 0.465946 0.987576 -0.683650
v 0.474400 1.062747 -0.698026
v 0.479976 1.140217 -0.706909
v 0.481988 1.218838 -0.709949
v 0.479976 1.297458 -0.706909
v 0.474400 1.374929 -0.698026
v 0.465946 1.450100 -0.683650
v 0.455302 1.521820 -0.664133
v 0.443351 1.588977 -0.639750
v 0.431759 1.650597 -0.610461
v 0.422606 1.705802 -0.575953
v 0.473811 0.745027 -0.547903
v 0.486965 0.796232 -0.575953
v 0.502284 0.855116 -0.600610
v 0.517192 0.920423 -0.621909
v 0.530075 0.990708 -0.639312
v 0.540086 1.064694 -0.652329
v 0.546572 1.141149 -0.660487
v 0.548879 1.218838 -0.663312
v 0.546572 1.296527 -0.660487
v 0.540086 1.372981 -0.652329
v 0.530075 1.446968 -0.639312
v 0.517192 1.517253 -0.621909
v 0.502284 1.582560 -0.600610
v 0.486965 1.641444 -0.575953
v 0.473811 1.692649 -0.547903
vn 0.5774 0.5774 -0.5773
vn 0.5774 -0.5774 -0.5773
vn 0.5774 0.5774 0.5774
vn 0.5774 -0.5774 0.5774
vn -0.5774 0.5773 -0.5774
vn -0.5774 -0.5774 -0.5774
vn -0.5774 0.5774 0.5774
vn -0.5774 -0.5773 0.5774
vn -0.6016 -0.6016 -0.5254
vn -0.6255 -0.6255 -0.4663
vn -0.6477 -0.6477 -0.4012
vn -0.6675 -0.6675 -0.3301
vn -0.6838 -0.6838 -0.2547
vn -0.6961 -0.6961 -0.1756
vn -0.7042 -0.7042 -0.0910
vn -0.7071 -0.7071 -0.0000
vn -0.7042 -0.7042 0.0910
vn -0.6961 -0.6961 0.1756
vn -0.6838 -0.6838 0.2547
vn -0.6675 -0.6675 0.3301
vn -0.6477 -0.6477 0.4012
vn -0.6255 -0.6255 0.4663
vn -0.6016 -0.6016 0.5254
vn 0.5254 -0.6016 -0.6016
vn 0.4663 -0.6255 -0.6255
vn 0.4012 -0.6477 -0.6477
vn 0.3301 -0.6675 -0.6675
vn 0.2547 -0.6838 -0.6838
vn 0.1756 -0.6961 -0.6961
vn 0.0910 -0.7042 -0.7042
vn -0.0000 -0.7071 -0.7071
vn -0.0910 -0.7042 -0.7042
vn -0.1756 -0.6961 -0.6961
vn -0.2547 -0.6838 -0.6838
vn -0.3301 -0.6675 -0.6675
vn -0.4012 -0.6477 -0.6477
vn -0.4663 -0.6255 -0.6255
vn -0.5254 -0.6016 -0.6016
vn 0.6016 0.5254 -0.6016
vn 0.6255 0.4663 -0.6255
vn 0.6477 0.4012 -0.6477
vn 0.6675 0.3301 -0.6675
vn 0.6838 0.2547 -0.6838
vn 0.6961 0.1756 -0.6961
vn 0.7042 0.0910 -0.7042
vn 0.7071 -0.0000 -0.7071
vn 0.7042 -0.0910 -0.7042
vn 0.6961 -0.1756 -0.6961
vn 0.6838 -0.2547 -0.6838
vn 0.6675 -0.3301 -0.6675
vn 0.6477 -0.4012 -0.6477
vn 0.6255 -0.4663 -0.6255
vn 0.6016 -0.5254 -0.6016
vn -0.6016 -0.5254 0.6016
vn -0.6255 -0.4663 0.6255
vn -0.6477 -0.4012 0.6477
vn -0.6675 -0.3301 0.6675
vn -0.6838 -0.2547 0.6838
vn -0.6961 -0.1756 0.6961
vn -0.7042 -0.0910 0.7042
vn -0.7071 -0.0000 0.7071
vn -0.7042 0.0910 0.7042
vn -0.6961 0.1756 0.6961
vn -0.6838 0.2547 0.6838
vn -0.6675 0.3301 0.6675
vn -0.6477 0.4012 0.6477
vn -0.6255 0.4663 0.6255
vn -0.6016 0.5254 0.6016
vn 0.6016 0.5254 0.6016
vn 0.6255 0.4663 0.6255
vn 0.6477 0.4012 0.6477
vn 0.6675 0.3301 0.6675
vn 0.6838 0.2547 0.6838
vn 0.6961 0.1756 0.6961
vn 0.7042 0.0910 0.7042
vn 0.7071 -0.0000 0.7071
vn 0.7042 -0.0910 0.7042
vn 0.6961 -0.1756 0.6961
vn 0.6838 -0.2547 0.6838
vn 0.6675 -0.3301 0.6675
vn 0.6477 -0.4012 0.6477
vn 0.6255 -0.4663 0.6255
vn 0.6016 -0.5254 0.6016
vn -0.6016 0.5254 -0.6016
vn -0.6255 0.4663 -0.6255
vn -0.6477 0.4012 -0.6477
vn -0.6675 0.3301 -0.6675
vn -0.6838 0.2547 -0.6838
vn -0.6961 0.1756 -0.6961
vn -0.7042 0.0910 -0.7042
vn -0.7071 -0.0000 -0.7071
vn -0.7042 -0.0910 -0.7042
vn -0.6961 -0.1756 -0.6961
vn -0.6838 -0.2547 -0.6838
vn -0.6675 -0.3301 -0.6675
vn -0.6477 -0.4012 -0.6477
vn -0.6255 -0.4663 -0.6255
vn -0.6016 -0.5254 -0.6016
vn 0.5254 0.6016 0.6016
vn 0.4663 0.6255 0.6255
vn 0.4012 0.6477 0.6477
vn 0.3301 0.6675 0.6675
vn 0.2547 0.6838 0.6838
vn 0.1756 0.6961 0.6961
vn 0.0910 0.7042 0.7042
vn -0.0000 0.7071 0.7071
vn -0.0910 0.7042 0.7042
vn -0.1756 0.6961 0.6961
vn -0.2547 0.6838 0.6838
vn -0.3301 0.6675 0.6675
vn -0.4012 0.6477 0.6477
vn -0.4663 0.6255 0.6255
vn -0.5254 0.6016 0.6016
vn 0.6016 0.6016 -0.5254
vn 0.6255 0.6255 -0.4663
vn 0.6477 0.6477 -0.4012
vn 0.6675 0.6675 -0.3301
vn 0.6838 0.6838 -0.2547
vn 0.6961 0.6961 -0.1756
vn 0.7042 0.7042 -0.0910
vn 0.7071 0.7071 -0.0000
vn 0.7042 0.7042 0.0910
vn 0.6961 0.6961 0.1756
vn 0.6838 0.6838 0.2547
vn 0.6675 0.6675 0.3301
vn 0.6477 0.6477 0.4012
vn 0.6255 0.6255 0.4663
vn 0.6016 0.6016 0.5254
vn -0.5254 -0.6016 0.6016
vn -0.4663 -0.6255 0.6255
vn -0.4012 -0.6477 0.6477
vn -0.3301 -0.6675 0.6675
vn -0.2547 -0.6838 0.6838
vn -0.1756 -0.6961 0.6961
vn -0.0910 -0.7042 0.7042
vn -0.0000 -0.7071 0.7071
vn 0.0910 -0.7042 0.7042
vn 0.1756 -0.6961 0.6961
vn 0.2547 -0.6838 0.6838
vn 0.3301 -0.6675 0.6675
vn 0.4012 -0.6477 0.6477
vn 0.4663 -0.6255 0.6255
vn 0.5254 -0.6016 0.6016
vn -0.6016 0.6016 0.5254
vn -0.6255 0.6255 0.4663
vn -0.6477 0.6477 0.4012
vn -0.6675 0.6675 0.3301
vn -0.6838 0.6838 0.2547
vn -0.6961 0.6961 0.1756
vn -0.7042 0.7042 0.0910
vn -0.7071 0.7071 -0.0000
vn -0.7042 0.7042 -0.0910
vn -0.6961 0.6961 -0.1756
vn -0.6838 0.6838 -0.2547
vn -0.6675 0.6675 -0.3301
vn -0.6477 0.6477 -0.4012
vn -0.6255 0.6255 -0.4663
vn -0.6016 0.6016 -0.5254
vn -0.5254 0.6016 -0.6016
vn -0.4663 0.6255 -0.6255
vn -0.4012 0.6477 -0.6477
vn -0.3301 0.6675 -0.6675
vn -0.2547 0.6838 -0.6838
vn -0.1756 0.6961 -0.6961
vn -0.0910 0.7042 -0.7042
vn -0.0000 0.7071 -0.7071
vn 0.0910 0.7042 -0.7042
vn 0.1756 0.6961 -0.6961
vn 0.2547 0.6838 -0.6838
vn 0.3301 0.6675 -0.6675
vn 0.4012 0.6477 -0.6477
vn 0.4663 0.6255 -0.6255
vn 0.5254 0.6016 -0.6016
vn 0.6016 -0.6016 0.5254
vn 0.6255 -0.6255 0.4663
vn 0.6477 -0.6477 0.4012
vn 0.6675 -0.6675 0.3301
vn 0.6838 -0.6838 0.2547
vn 0.6961 -0.6961 0.1756
vn 0.7042 -0.7042 0.0910
vn 0.7071 -0.7071 -0.0000
vn 0.7042 -0.7042 -0.0910
vn 0.6961 -0.6961 -0.1756
vn 0.6838 -0.6838 -0.2547
vn 0.6675 -0.6675 -0.3301
vn 0.6477 -0.6477 -0.4012
vn 0.6255 -0.6255 -0.4663
vn 0.6016 -0.6016 -0.5254
vn 0.5378 0.6493 -0.5378
vn 0.4718 0.6839 -0.5564
vn 0.4037 0.7124 -0.5740
vn 0.3311 0.7371 -0.5891
vn 0.2549 0.7572 -0.6014
vn 0.1755 0.7723 -0.6106
vn 0.0907 0.7821 -0.6165
vn -0.0000 0.7857 -0.6186
vn -0.0907 0.7821 -0.6165
vn -0.1755 0.7723 -0.6106
vn -0.2549 0.7572 -0.6014
vn -0.3311 0.7371 -0.5891
vn -0.4037 0.7124 -0.5740
vn -0.4718 0.6839 -0.5564
vn -0.5378 0.6493 -0.5378
vn 0.5564 0.6839 -0.4718
vn 0.4837 0.7294 -0.4837
vn 0.4096 0.7656 -0.4961
vn 0.3337 0.7948 -0.5069
vn 0.2556 0.8179 -0.5155
vn 0.1750 0.8349 -0.5218
vn 0.0900 0.8459 -0.5256
vn -0.0000 0.8499 -0.5270
vn -0.0900 0.8459 -0.5256
vn -0.1750 0.8349 -0.5218
vn -0.2556 0.8179 -0.5155
vn -0.3337 0.7948 -0.5069
vn -0.4096 0.7656 -0.4961
vn -0.4837 0.7294 -0.4837
vn -0.5564 0.6839 -0.4718
vn 0.5740 0.7124 -0.4037
vn 0.4961 0.7656 -0.4096
vn 0.4169 0.8077 -0.4169
vn 0.3371 0.8408 -0.4236
vn 0.2566 0.8661 -0.4290
vn 0.1744 0.8845 -0.4327
vn 0.0891 0.8961 -0.4347
vn -0.0000 0.9002 -0.4354
vn -0.0891 0.8961 -0.4347
vn -0.1744 0.8845 -0.4327
vn -0.2566 0.8661 -0.4290
vn -0.3371 0.8408 -0.4236
vn -0.4169 0.8077 -0.4169
vn -0.4961 0.7656 -0.4096
vn -0.5740 0.7124 -0.4037
vn 0.5891 0.7371 -0.3311
vn 0.5069 0.7948 -0.3337
vn 0.4236 0.8408 -0.3371
vn 0.3404 0.8765 -0.3404
vn 0.2574 0.9034 -0.3430
vn 0.1737 0.9226 -0.3445
vn 0.0880 0.9344 -0.3451
vn -0.0000 0.9385 -0.3453
vn -0.0880 0.9344 -0.3451
vn -0.1737 0.9226 -0.3445
vn -0.2574 0.9034 -0.3430
vn -0.3404 0.8765 -0.3404
vn -0.4236 0.8408 -0.3371
vn -0.5069 0.7948 -0.3337
vn -0.5891 0.7371 -0.3311
vn 0.6014 0.7572 -0.2549
vn 0.5155 0.8179 -0.2556
vn 0.4290 0.8661 -0.2566
vn 0.3430 0.9034 -0.2574
vn 0.2577 0.9312 -0.2577
vn 0.1726 0.9507 -0.2575
vn 0.0869 0.9625 -0.2571
vn -0.0000 0.9664 -0.2569
vn -0.0869 0.9625 -0.2571
vn -0.1726 0.9507 -0.2575
vn -0.2577 0.9312 -0.2577
vn -0.3430 0.9034 -0.2574
vn -0.4290 0.8661 -0.2566
vn -0.5155 0.8179 -0.2556
vn -0.6014 0.7572 -0.2549
vn 0.6106 0.7723 -0.1755
vn 0.5218 0.8349 -0.1750
vn 0.4327 0.8845 -0.1744
vn 0.3445 0.9226 -0.1737
vn 0.2575 0.9507 -0.1726
vn 0.1715 0.9701 -0.1715
vn 0.0859 0.9816 -0.1706
vn -0.0000 0.9854 -0.1703
vn -0.0859 0.9816 -0.1706
vn -0.1715 0.9701 -0.1715
vn -0.2575 0.9507 -0.1726
vn -0.3445 0.9226 -0.1737
vn -0.4327 0.8845 -0.1744
vn -0.5218 0.8349 -0.1750
vn -0.6106 0.7723 -0.1755
vn 0.6165 0.7821 -0.0907
vn 0.5256 0.8459 -0.0900
vn 0.4347 0.8961 -0.0891
vn 0.3451 0.9344 -0.0880
vn 0.2571 0.9625 -0.0869
vn 0.1706 0.9816 -0.0859
vn 0.0851 0.9927 -0.0851
vn -0.0000 0.9964 -0.0848
vn -0.0851 0.9927 -0.0851
vn -0.1706 0.9816 -0.0859
vn -0.2571 0.9625 -0.0869
vn -0.3451 0.9344 -0.0880
vn -0.4347 0.8961 -0.0891
vn -0.5256 0.8459 -0.0900
vn -0.6165 0.7821 -0.0907
vn 0.6186 0.7857 -0.0000
vn 0.5270 0.8499 -0.0000
vn 0.4354 0.9002 -0.0000
vn 0.3453 0.9385 -0.0000
vn 0.2569 0.9664 -0.0000
vn 0.1703 0.9854 -0.0000
vn 0.0848 0.9964 -0.0000
vn -0.0000 1.0000 -0.0000
vn -0.0848 0.9964 -0.0000
vn -0.1703 0.9854 -0.0000
vn -0.2569 0.9664 -0.0000
vn -0.3453 0.9385 -0.0000
vn -0.4354 0.9002 -0.0000
vn -0.5270 0.8499 -0.0000
vn -0.6186 0.7857 -0.0000
vn 0.6165 0.7821 0.0907
vn 0.5256 0.8459 0.0901
vn 0.4347 0.8961 0.0891
vn 0.3451 0.9344 0.0880
vn 0.2571 0.9625 0.0869
vn 0.1706 0.9816 0.0859
vn 0.0851 0.9927 0.0851
vn -0.0000 0.9964 0.0848
vn -0.0851 0.9927 0.0851
vn -0.1706 0.9816 0.0859
vn -0.2571 0.9625 0.0869
vn -0.3451 0.9344 0.0880
vn -0.4347 0.8961 0.0891
vn -0.5256 0.8459 0.0900
vn -0.6165 0.7821 0.0907
vn 0.6106 0.7723 0.1755
vn 0.5218 0.8349 0.1750
vn 0.4327 0.8845 0.1744
vn 0.3445 0.9226 0.1737
vn 0.2575 0.9507 0.1726
vn 0.1715 0.9701 0.1715
vn 0.0859 0.9816 0.1706
vn -0.0000 0.9854 0.1703
vn -0.0859 0.9816 0.1706
vn -0.1715 0.9701 0.1715
vn -0.2575 0.9507 0.1726
vn -0.3445 0.9226 0.1737
vn -0.4327 0.8845 0.1744
vn -0.5218 0.8349 0.1750
vn -0.6106 0.7723 0.1755
vn 0.6014 0.7572 0.2549
vn 0.5155 0.8179 0.2556
vn 0.4290 0.8661 0.2566
vn 0.3430 0.9034 0.2574
vn 0.2577 0.9312 0.2577
vn 0.1726 0.9507 0.2575
vn 0.0869 0.9625 0.2571
vn -0.0000 0.9664 0.2569
vn -0.0869 0.9625 0.2571
vn -0.1726 0.9507 0.2575
vn -0.2577 0.9312 0.2577
vn -0.3430 0.9034 0.2574
vn -0.4290 0.8661 0.2566
vn -0.5155 0.8179 0.2556
vn -0.6014 0.7572 0.2549
vn 0.5891 0.7371 0.3311
vn 0.5069 0.7948 0.3337
vn 0.4236 0.8408 0.3371
vn 0.3404 0.8765 0.3404
vn 0.2574 0.9034 0.3430
vn 0.1737 0.9226 0.3445
vn 0.0880 0.9344 0.3451
vn -0.0000 0.9385 0.3453
vn -0.0880 0.9344 0.3451
vn -0.1737 0.9226 0.3445
vn -0.2574 0.9034 0.3430
vn -0.3404 0.8765 0.3404
vn -0.4236 0.8408 0.3371
vn -0.5069 0.7948 0.3337
vn -0.5891 0.7371 0.3311
vn 0.5740 0.7124 0.4037
vn 0.4961 0.7656 0.4096
vn 0.4169 0.8077 0.4169
vn 0.3371 0.8408 0.4236
vn 0.2566 0.8661 0.4290
vn 0.1744 0.8845 0.4327
vn 0.0891 0.8961 0.4347
vn -0.0000 0.9002 0.4354
vn -0.0891 0.8961 0.4347
vn -0.1744 0.8845 0.4327
vn -0.2566 0.8661 0.4290
vn -0.3371 0.8408 0.4236
vn -0.4169 0.8077 0.4169
vn -0.4961 0.7656 0.4096
vn -0.5740 0.7124 0.4037
vn 0.5564 0.6839 0.4718
vn 0.4837 0.7294 0.4837
vn 0.4096 0.7656 0.4961
vn 0.3337 0.7948 0.5069
vn 0.2556 0.8179 0.5155
vn 0.1750 0.8349 0.5218
vn 0.0900 0.8459 0.5256
vn -0.0000 0.8499 0.5270
vn -0.0901 0.8459 0.5256
vn -0.1750 0.8349 0.5218
vn -0.2556 0.8179 0.5155
vn -0.3337 0.7948 0.5069
vn -0.4096 0.7656 0.4961
vn -0.4837 0.7294 0.4837
vn -0.5564 0.6839 0.4718
vn 0.5378 0.6493 0.5378
vn 0.4718 0.6839 0.5564
vn 0.4037 0.7124 0.5740
vn 0.3311 0.7371 0.5891
vn 0.2549 0.7572 0.6014
vn 0.1755 0.7723 0.6106
vn 0.0907 0.7821 0.6165
vn -0.0000 0.7857 0.6186
vn -0.0907 0.7821 0.6165
vn -0.1755 0.7723 0.6106
vn -0.2549 0.7572 0.6014
vn -0.3311 0.7371 0.5891
vn -0.4037 0.7124 0.5740
vn -0.4718 0.6839 0.5564
vn -0.5378 0.6493 0.5378
vn 0.5378 -0.5378 0.6493
vn 0.5564 -0.4718 0.6839
vn 0.5740 -0.4037 0.7124
vn 0.5891 -0.3311 0.7371
vn 0.6014 -0.2549 0.7572
vn 0.6106 -0.1755 0.7723
vn 0.6165 -0.0907 0.7821
vn 0.6186 -0.0000 0.7857
vn 0.6165 0.0907 0.7821
vn 0.6106 0.1755 0.7723
vn 0.6014 0.2549 0.7572
vn 0.5891 0.3311 0.7371
vn 0.5740 0.4037 0.7124
vn 0.5564 0.4718 0.6839
vn 0.5378 0.5378 0.6493
vn 0.4718 -0.5564 0.6839
vn 0.4837 -0.4837 0.7294
vn 0.4961 -0.4096 0.7656
vn 0.5069 -0.3337 0.7948
vn 0.5155 -0.2556 0.8179
vn 0.5218 -0.1750 0.8349
vn 0.5256 -0.0900 0.8459
vn 0.5270 -0.0000 0.8499
vn 0.5256 0.0900 0.8459
vn 0.5218 0.1750 0.8349
vn 0.5155 0.2556 0.8179
vn 0.5069 0.3337 0.7948
vn 0.4961 0.4096 0.7656
vn 0.4837 0.4837 0.7294
vn 0.4718 0.5564 0.6839
vn 0.4037 -0.5740 0.7124
vn 0.4096 -0.4961 0.7656
vn 0.4169 -0.4169 0.8077
vn 0.4236 -0.3371 0.8408
vn 0.4290 -0.2566 0.8661
vn 0.4327 -0.1744 0.8845
vn 0.4347 -0.0891 0.8961
vn 0.4354 -0.0000 0.9002
vn 0.4347 0.0891 0.8961
vn 0.4327 0.1744 0.8845
vn 0.4290 0.2566 0.8661
vn 0.4236 0.3371 0.8408
vn 0.4169 0.4169 0.8077
vn 0.4096 0.4961 0.7656
vn 0.4037 0.5740 0.7124
vn 0.3311 -0.5891 0.7371
vn 0.3337 -0.5069 0.7948
vn 0.3371 -0.4236 0.8408
vn 0.3404 -0.3404 0.8765
vn 0.3430 -0.2574 0.9034
vn 0.3445 -0.1737 0.9226
vn 0.3451 -0.0880 0.9344
vn 0.3453 -0.0000 0.9385
vn 0.3451 0.0880 0.9344
vn 0.3445 0.1737 0.9226
vn 0.3430 0.2574 0.9034
vn 0.3404 0.3404 0.8765
vn 0.3371 0.4236 0.8408
vn 0.3337 0.5069 0.7948
vn 0.3311 0.5891 0.7371
vn 0.2549 -0.6014 0.7572
vn 0.2556 -0.5155 0.8179
vn 0.2566 -0.4290 0.8661
vn 0.2574 -0.3430 0.9034
vn 0.2577 -0.2577 0.9312
vn 0.2575 -0.1726 0.9507
vn 0.2571 -0.0869 0.9625
vn 0.2569 -0.0000 0.9664
vn 0.2571 0.0869 0.9625
vn 0.2575 0.1726 0.9507
vn 0.2577 0.2577 0.9312
vn 0.2574 0.3430 0.9034
vn 0.2566 0.4290 0.8661
vn 0.2556 0.5155 0.8179
vn 0.2549 0.6014 0.7572
vn 0.1755 -0.6106 0.7723
vn 0.1750 -0.5218 0.8349
vn 0.1744 -0.4327 0.8845
vn 0.1737 -0.3445 0.9226
vn 0.1726 -0.2575 0.9507
vn 0.1715 -0.1715 0.9701
vn 0.1706 -0.0859 0.9816
vn 0.1703 -0.0000 0.9854
vn 0.1706 0.0859 0.9816
vn 0.1715 0.1715 0.9701
vn 0.1726 0.2575 0.9507
vn 0.1737 0.3445 0.9226
vn 0.1744 0.4327 0.8845
vn 0.1750 0.5218 0.8349
vn 0.1755 0.6106 0.7723
vn 0.0907 -0.6165 0.7821
vn 0.0900 -0.5256 0.8459
vn 0.0891 -0.4347 0.8961
vn 0.0880 -0.3451 0.9344
vn 0.0869 -0.2571 0.9625
vn 0.0859 -0.1706 0.9816
vn 0.0851 -0.0851 0.9927
vn 0.0848 -0.0000 0.9964
vn 0.0851 0.0851 0.9927
vn 0.0859 0.1706 0.9816
vn 0.0869 0.2571 0.9625
vn 0.0880 0.3451 0.9344
vn 0.0891 0.4347 0.8961
vn 0.0901 0.5256 0.8459
vn 0.0907 0.6165 0.7821
vn -0.0000 -0.6186 0.7857
vn -0.0000 -0.5270 0.8499
vn -0.0000 -0.4354 0.9002
vn -0.0000 -0.3453 0.9385
vn -0.0000 -0.2569 0.9664
vn -0.0000 -0.1703 0.9854
vn -0.0000 -0.0848 0.9964
vn -0.0000 -0.0000 1.0000
vn -0.0000 0.0848 0.9964
vn -0.0000 0.1703 0.9854
vn -0.0000 0.2569 0.9664
vn -0.0000 0.3453 0.9385
vn -0.0000 0.4354 0.9002
vn -0.0000 0.5270 0.8499
vn -0.0000 0.6186 0.7857
vn -0.0907 -0.6165 0.7821
vn -0.0901 -0.5256 0.8459
vn -0.0891 -0.4347 0.8961
vn -0.0880 -0.3451 0.9344
vn -0.0869 -0.2571 0.9625
vn -0.0859 -0.1706 0.9816
vn -0.0851 -0.0851 0.9927
vn -0.0848 -0.0000 0.9964
vn -0.0851 0.0851 0.9927
vn -0.0859 0.1706 0.9816
vn -0.0869 0.2571 0.9625
vn -0.0880 0.3451 0.9344
vn -0.0891 0.4347 0.8961
vn -0.0901 0.5256 0.8459
vn -0.0907 0.6165 0.7821
vn -0.1755 -0.6106 0.7723
vn -0.1750 -0.5218 0.8349
vn -0.1744 -0.4327 0.8845
vn -0.1737 -0.3445 0.9226
vn -0.1726 -0.2575 0.9507
vn -0.1715 -0.1715 0.9701
vn -0.1706 -0.0859 0.9816
vn -0.1703 -0.0000 0.9854
vn -0.1706 0.0859 0.9816
vn -0.1715 0.1715 0.9701
vn -0.1726 0.2575 0.9507
vn -0.1737 0.3445 0.9226
vn -0.1744 0.4327 0.8845
vn -0.1750 0.5218 0.8349
vn -0.1755 0.6106 0.7723
vn -0.2549 -0.6014 0.7572
vn -0.2556 -0.5155 0.8179
vn -0.2566 -0.4290 0.8661
vn -0.2574 -0.3430 0.9034
vn -0.2577 -0.2577 0.9312
vn -0.2575 -0.1726 0.9507
vn -0.2571 -0.0869 0.9625
vn -0.2569 -0.0000 0.9664
vn -0.2571 0.0869 0.9625
vn -0.2575 0.1726 0.9507
vn -0.2577 0.2577 0.9312
vn -0.2574 0.3430 0.9034
vn -0.2566 0.4290 0.8661
vn -0.2556 0.5155 0.8179
vn -0.2549 0.6014 0.7572
vn -0.3311 -0.5891 0.7371
vn -0.3337 -0.5069 0.7948
vn -0.3371 -0.4236 0.8408
vn -0.3404 -0.3404 0.8765
vn -0.3430 -0.2574 0.9034
vn -0.3445 -0.1737 0.9226
vn -0.3451 -0.0880 0.9344
vn -0.3453 -0.0000 0.9385
vn -0.3451 0.0880 0.9344
vn -0.3445 0.1737 0.9226
vn -0.3430 0.2574 0.9034
vn -0.3404 0.3404 0.8765
vn -0.3371 0.4236 0.8408
vn -0.3337 0.5069 0.7948
vn -0.3311 0.5891 0.7371
vn -0.4037 -0.5740 0.7124
vn -0.4096 -0.4961 0.7656
vn -0.4169 -0.4169 0.8077
vn -0.4236 -0.3371 0.8408
vn -0.4290 -0.2566 0.8661
vn -0.4327 -0.1744 0.8845
vn -0.4347 -0.0891 0.8961
vn -0.4354 -0.0000 0.9002
vn -0.4347 0.0891 0.8961
vn -0.4327 0.1744 0.8845
vn -0.4290 0.2566 0.8661
vn -0.4236 0.3371 0.8408
vn -0.4169 0.4169 0.8077
vn -0.4096 0.4961 0.7656
vn -0.4037 0.5740 0.7124
vn -0.4718 -0.5564 0.6839
vn -0.4837 -0.4837 0.7294
vn -0.4961 -0.4096 0.7656
vn -0.5069 -0.3337 0.7948
vn -0.5155 -0.2556 0.8179
vn -0.5218 -0.1750 0.8349
vn -0.5256 -0.0901 0.8459
vn -0.5270 -0.0000 0.8499
vn -0.5256 0.0900 0.8459
vn -0.5218 0.1750 0.8349
vn -0.5155 0.2556 0.8179
vn -0.5069 0.3337 0.7948
vn -0.4961 0.4096 0.7656
vn -0.4837 0.4837 0.7294
vn -0.4718 0.5564 0.6839
vn -0.5378 -0.5378 0.6493
vn -0.5564 -0.4718 0.6839
vn -0.5740 -0.4037 0.7124
vn -0.5891 -0.3311 0.7371
vn -0.6014 -0.2549 0.7572
vn -0.6106 -0.1755 0.7723
vn -0.6165 -0.0907 0.7821
vn -0.6186 -0.0000 0.7857
vn -0.6165 0.0907 0.7821
vn -0.6106 0.1755 0.7723
vn -0.6014 0.2549 0.7572
vn -0.5891 0.3311 0.7371
vn -0.5740 0.4037 0.7124
vn -0.5564 0.4718 0.6839
vn -0.5378 0.5378 0.6493
vn -0.6493 -0.5378 0.5378
vn -0.6839 -0.4718 0.5564
vn -0.7124 -0.4037 0.5740
vn -0.7371 -0.3311 0.5891
vn -0.7572 -0.2549 0.6014
vn -0.7723 -0.1755 0.6106
vn -0.7821 -0.0907 0.6165
vn -0.7857 -0.0000 0.6186
vn -0.7821 0.0907 0.6165
vn -0.7723 0.1755 0.6106
vn -0.7572 0.2549 0.6014
vn -0.7371 0.3311 0.5891
vn -0.7124 0.4037 0.5740
vn -0.6839 0.4718 0.5564
vn -0.6493 0.5378 0.5378
vn -0.6839 -0.5564 0.4718
vn -0.7294 -0.4837 0.4837
vn -0.7656 -0.4096 0.4961
vn -0.7948 -0.3337 0.5069
vn -0.8179 -0.2556 0.5155
vn -0.8349 -0.1750 0.5218
vn -0.8459 -0.0900 0.5256
vn -0.8499 -0.0000 0.5270
vn -0.8459 0.0900 0.5256
vn -0.8349 0.1750 0.5218
vn -0.8179 0.2556 0.5155
vn -0.7948 0.3337 0.5069
vn -0.7656 0.4096 0.4961
vn -0.7294 0.4837 0.4837
vn -0.6839 0.5564 0.4718
vn -0.7124 -0.5740 0.4037
vn -0.7656 -0.4961 0.4096
vn -0.8077 -0.4169 0.4169
vn -0.8408 -0.3371 0.4236
vn -0.8661 -0.2566 0.4290
vn -0.8845 -0.1744 0.4327
vn -0.8961 -0.0891 0.4347
vn -0.9002 -0.0000 0.4354
vn -0.8961 0.0891 0.4347
vn -0.8845 0.1744 0.4327
vn -0.8661 0.2566 0.4290
vn -0.8408 0.3371 0.4236
vn -0.8077 0.4169 0.4169
vn -0.7656 0.4961 0.4096
vn -0.7124 0.5740 0.4037
vn -0.7371 -0.5891 0.3311
vn -0.7948 -0.5069 0.3337
vn -0.8408 -0.4236 0.3371
vn -0.8765 -0.3404 0.3404
vn -0.9034 -0.2574 0.3430
vn -0.9226 -0.1737 0.3445
vn -0.9344 -0.0880 0.3451
vn -0.9385 -0.0000 0.3453
vn -0.9344 0.0880 0.3451
vn -0.9226 0.1737 0.3445
vn -0.9034 0.2574 0.3430
vn -0.8765 0.3404 0.3404
vn -0.8408 0.4236 0.3371
vn -0.7948 0.5069 0.3337
vn -0.7371 0.5891 0.3311
vn -0.7572 -0.6014 0.2549
vn -0.8179 -0.5155 0.2556
vn -0.8661 -0.4290 0.2566
vn -0.9034 -0.3430 0.2574
vn -0.9312 -0.2577 0.2577
vn -0.9507 -0.1726 0.2575
vn -0.9625 -0.0869 0.2571
vn -0.9664 -0.0000 0.2569
vn -0.9625 0.0869 0.2571
vn -0.9507 0.1726 0.2575
vn -0.9312 0.2577 0.2577
vn -0.9034 0.3430 0.2574
vn -0.8661 0.4290 0.2566
vn -0.8179 0.5155 0.2556
vn -0.7572 0.6014 0.2549
vn -0.7723 -0.6106 0.1755
vn -0.8349 -0.5218 0.1750
vn -0.8845 -0.4327 0.1744
vn -0.9226 -0.3445 0.1737
vn -0.9507 -0.2575 0.1726
vn -0.9701 -0.1715 0.1715
vn -0.9816 -0.0859 0.1706
vn -0.9854 -0.0000 0.1703
vn -0.9816 0.0859 0.1706
vn -0.9701 0.1715 0.1715
vn -0.9507 0.2575 0.1726
vn -0.9226 0.3445 0.1737
vn -0.8845 0.4327 0.1744
vn -0.8349 0.5218 0.1750
vn -0.7723 0.6106 0.1755
vn -0.7821 -0.6165 0.0907
vn -0.8459 -0.5256 0.0900
vn -0.8961 -0.4347 0.0891
vn -0.9344 -0.3451 0.0880
vn -0.9625 -0.2571 0.0869
vn -0.9816 -0.1706 0.0859
vn -0.9927 -0.0851 0.0851
vn -0.9964 -0.0000 0.0848
vn -0.9927 0.0851 0.0851
vn -0.9816 0.1706 0.0859
vn -0.9625 0.2571 0.0869
vn -0.9344 0.3451 0.0880
vn -0.8961 0.4347 0.0891
vn -0.8459 0.5256 0.0900
vn -0.7821 0.6165 0.0907
vn -0.7857 -0.6186 -0.0000
vn -0.8499 -0.5270 -0.0000
vn -0.9002 -0.4354 -0.0000
vn -0.9385 -0.3453 -0.0000
vn -0.9664 -0.2569 -0.0000
vn -0.9854 -0.1703 -0.0000
vn -0.9964 -0.0848 -0.0000
vn -1.0000 -0.0000 -0.0000
vn -0.9964 0.0848 -0.0000
vn -0.9854 0.1703 -0.0000
vn -0.9664 0.2569 -0.0000
vn -0.9385 0.3453 -0.0000
vn -0.9002 0.4354 -0.0000
vn -0.8499 0.5270 -0.0000
vn -0.7857 0.6186 -0.0000
vn -0.7821 -0.6165 -0.0907
vn -0.8459 -0.5256 -0.0901
vn -0.8961 -0.4347 -0.0891
vn -0.9344 -0.3451 -0.0880
vn -0.9625 -0.2571 -0.0869
vn -0.9816 -0.1706 -0.0859
vn -0.9927 -0.0851 -0.0851
vn -0.9964 -0.0000 -0.0848
vn -0.9927 0.0851 -0.0851
vn -0.9816 0.1706 -0.0859
vn -0.9625 0.2571 -0.0869
vn -0.9344 0.3451 -0.0880
vn -0.8961 0.4347 -0.0891
vn -0.8459 0.5256 -0.0900
vn -0.7821 0.6165 -0.0907
vn -0.7723 -0.6106 -0.1755
vn -0.8349 -0.5218 -0.1750
vn -0.8845 -0.4327 -0.1744
vn -0.9226 -0.3445 -0.1737
vn -0.9507 -0.2575 -0.1726
vn -0.9701 -0.1715 -0.1715
vn -0.9816 -0.0859 -0.1706
vn -0.9854 -0.0000 -0.1703
vn -0.9816 0.0859 -0.1706
vn -0.9701 0.1715 -0.1715
vn -0.9507 0.2575 -0.1726
vn -0.9226 0.3445 -0.1737
vn -0.8845 0.4327 -0.1744
vn -0.8349 0.5218 -0.1750
vn -0.7723 0.6106 -0.1755
vn -0.7572 -0.6014 -0.2549
vn -0.8179 -0.5155 -0.2556
vn -0.8661 -0.4290 -0.2566
vn -0.9034 -0.3430 -0.2574
vn -0.9312 -0.2577 -0.2577
vn -0.9507 -0.1726 -0.2575
vn -0.9625 -0.0869 -0.2571
vn -0.9664 -0.0000 -0.2569
vn -0.9625 0.0869 -0.2571
vn -0.9507 0.1726 -0.2575
vn -0.9312 0.2577 -0.2577
vn -0.9034 0.3430 -0.2574
vn -0.8661 0.4290 -0.2566
vn -0.8179 0.5155 -0.2556
vn -0.7572 0.6014 -0.2549
vn -0.7371 -0.5891 -0.3311
vn -0.7948 -0.5069 -0.3337
vn -0.8408 -0.4236 -0.3371
vn -0.8765 -0.3404 -0.3404
vn -0.9034 -0.2574 -0.3430
vn -0.9226 -0.1737 -0.3445
vn -0.9344 -0.0880 -0.3451
vn -0.9385 -0.0000 -0.3453
vn -0.9344 0.0880 -0.3451
vn -0.9226 0.1737 -0.3445
vn -0.9034 0.2574 -0.3430
vn -0.8765 0.3404 -0.3404
vn -0.8408 0.4236 -0.3371
vn -0.7948 0.5069 -0.3337
vn -0.7371 0.5891 -0.3311
vn -0.7124 -0.5740 -0.4037
vn -0.7656 -0.4961 -0.4096
vn -0.8077 -0.4169 -0.4169
vn -0.8408 -0.3371 -0.4236
vn -0.8661 -0.2566 -0.4290
vn -0.8845 -0.1744 -0.4327
vn -0.8961 -0.0891 -0.4347
vn -0.9002 -0.0000 -0.4354
vn -0.8961 0.0891 -0.4347
vn -0.8845 0.1744 -0.4327
vn -0.8661 0.2566 -0.4290
vn -0.8408 0.3371 -0.4236
vn -0.8077 0.4169 -0.4169
vn -0.7656 0.4961 -0.4096
vn -0.7124 0.5740 -0.4037
vn -0.6839 -0.5564 -0.4718
vn -0.7294 -0.4837 -0.4837
vn -0.7656 -0.4096 -0.4961
vn -0.7948 -0.3337 -0.5069
vn -0.8179 -0.2556 -0.5155
vn -0.8349 -0.1750 -0.5218
vn -0.8459 -0.0901 -0.5256
vn -0.8499 -0.0000 -0.5270
vn -0.8459 0.0901 -0.5256
vn -0.8349 0.1750 -0.5218
vn -0.8179 0.2556 -0.5155
vn -0.7948 0.3337 -0.5069
vn -0.7656 0.4096 -0.4961
vn -0.7294 0.4837 -0.4837
vn -0.6839 0.5564 -0.4718
vn -0.6493 -0.5378 -0.5378
vn -0.6839 -0.4718 -0.5564
vn -0.7124 -0.4037 -0.5740
vn -0.7371 -0.3311 -0.5891
vn -0.7572 -0.2549 -0.6014
vn -0.7723 -0.1755 -0.6106
vn -0.7821 -0.0907 -0.6165
vn -0.7857 -0.0000 -0.6186
vn -0.7821 0.0907 -0.6165
vn -0.7723 0.1755 -0.6106
vn -0.7572 0.2549 -0.6014
vn -0.7371 0.3311 -0.5891
vn -0.7124 0.4037 -0.5740
vn -0.6839 0.4718 -0.5564
vn -0.6493 0.5378 -0.5378
vn -0.5378 -0.6493 -0.5378
vn -0.4718 -0.6839 -0.5564
vn -0.4037 -0.7124 -0.5740
vn -0.3311 -0.7371 -0.5891
vn -0.2549 -0.7572 -0.6014
vn -0.1755 -0.7723 -0.6106
vn -0.0907 -0.7821 -0.6165
vn -0.0000 -0.7857 -0.6186
vn 0.0907 -0.7821 -0.6165
vn 0.1755 -0.7723 -0.6106
vn 0.2549 -0.7572 -0.6014
vn 0.3311 -0.7371 -0.5891
vn 0.4037 -0.7124 -0.5740
vn 0.4718 -0.6839 -0.5564
vn 0.5378 -0.6493 -0.5378
vn -0.5564 -0.6839 -0.4718
vn -0.4837 -0.7294 -0.4837
vn -0.4096 -0.7656 -0.4961
vn -0.3337 -0.7948 -0.5069
vn -0.2556 -0.8179 -0.5155
vn -0.1750 -0.8349 -0.5218
vn -0.0900 -0.8459 -0.5256
vn -0.0000 -0.8499 -0.5270
vn 0.0900 -0.8459 -0.5256
vn 0.1750 -0.8349 -0.5218
vn 0.2556 -0.8179 -0.5155
vn 0.3337 -0.7948 -0.5069
vn 0.4096 -0.7656 -0.4961
vn 0.4837 -0.7294 -0.4837
vn 0.5564 -0.6839 -0.4718
vn -0.5740 -0.7124 -0.4037
vn -0.4961 -0.7656 -0.4096
vn -0.4169 -0.8077 -0.4169
vn -0.3371 -0.8408 -0.4236
vn -0.2566 -0.8661 -0.4290
vn -0.1744 -0.8845 -0.4327
vn -0.0891 -0.8961 -0.4347
vn -0.0000 -0.9002 -0.4354
vn 0.0891 -0.8961 -0.4347
vn 0.1744 -0.8845 -0.4327
vn 0.2566 -0.8661 -0.4290
vn 0.3371 -0.8408 -0.4236
vn 0.4169 -0.8077 -0.4169
vn 0.4961 -0.7656 -0.4096
vn 0.5740 -0.7124 -0.4037
vn -0.5891 -0.7371 -0.3311
vn -0.5069 -0.7948 -0.3337
vn -0.4236 -0.8408 -0.3371
vn -0.3404 -0.8765 -0.3404
vn -0.2574 -0.9034 -0.3430
vn -0.1737 -0.9226 -0.3445
vn -0.0880 -0.9344 -0.3451
vn -0.0000 -0.9385 -0.3453
vn 0.0880 -0.9344 -0.3451
vn 0.1737 -0.9226 -0.3445
vn 0.2574 -0.9034 -0.3430
vn 0.3404 -0.8765 -0.3404
vn 0.4236 -0.8408 -0.3371
vn 0.5069 -0.7948 -0.3337
vn 0.5891 -0.7371 -0.3311
vn -0.6014 -0.7572 -0.2549
vn -0.5155 -0.8179 -0.2556
vn -0.4290 -0.8661 -0.2566
vn -0.3430 -0.9034 -0.2574
vn -0.2577 -0.9312 -0.2577
vn -0.1726 -0.9507 -0.2575
vn -0.0869 -0.9625 -0.2571
vn -0.0000 -0.9664 -0.2569
vn 0.0869 -0.9625 -0.2571
vn 0.1726 -0.9507 -0.2575
vn 0.2577 -0.9312 -0.2577
vn 0.3430 -0.9034 -0.2574
vn 0.4290 -0.8661 -0.2566
vn 0.5155 -0.8179 -0.2556
vn 0.6014 -0.7572 -0.2549
vn -0.6106 -0.7723 -0.1755
vn -0.5218 -0.8349 -0.1750
vn -0.4327 -0.8845 -0.1744
vn -0.3445 -0.9226 -0.1737
vn -0.2575 -0.9507 -0.1726
vn -0.1715 -0.9701 -0.1715
vn -0.0859 -0.9816 -0.1706
vn -0.0000 -0.9854 -0.1703
vn 0.0859 -0.9816 -0.1706
vn 0.1715 -0.9701 -0.1715
vn 0.2575 -0.9507 -0.1726
vn 0.3445 -0.9226 -0.1737
vn 0.4327 -0.8845 -0.1744
vn 0.5218 -0.8349 -0.1750
vn 0.6106 -0.7723 -0.1755
vn -0.6165 -0.7821 -0.0907
vn -0.5256 -0.8459 -0.0900
vn -0.4347 -0.8961 -0.0891
vn -0.3451 -0.9344 -0.0880
vn -0.2571 -0.9625 -0.0869
vn -0.1706 -0.9816 -0.0859
vn -0.0851 -0.9927 -0.0851
vn -0.0000 -0.9964 -0.0848
vn 0.0851 -0.9927 -0.0851
vn 0.1706 -0.9816 -0.0859
vn 0.2571 -0.9625 -0.0869
vn 0.3451 -0.9344 -0.0880
vn 0.4347 -0.8961 -0.0891
vn 0.5256 -0.8459 -0.0900
vn 0.6165 -0.7821 -0.0907
vn -0.6186 -0.7857 -0.0000
vn -0.5270 -0.8499 -0.0000
vn -0.4354 -0.9002 -0.0000
vn -0.3453 -0.9385 -0.0000
vn -0.2569 -0.9664 -0.0000
vn -0.1703 -0.9854 -0.0000
vn -0.0848 -0.9964 -0.0000
vn -0.0000 -1.0000 -0.0000
vn 0.0848 -0.9964 -0.0000
vn 0.1703 -0.9854 -0.0000
vn 0.2569 -0.9664 -0.0000
vn 0.3453 -0.9385 -0.0000
vn 0.4354 -0.9002 -0.0000
vn 0.5270 -0.8499 -0.0000
vn 0.6186 -0.7857 -0.0000
vn -0.6165 -0.7821 0.0907
vn -0.5256 -0.8459 0.0900
vn -0.4347 -0.8961 0.0891
vn -0.3451 -0.9344 0.0880
vn -0.2571 -0.9625 0.0869
vn -0.1706 -0.9816 0.0859
vn -0.0851 -0.9927 0.0851
vn -0.0000 -0.9964 0.0848
vn 0.0851 -0.9927 0.0851
vn 0.1706 -0.9816 0.0859
vn 0.2571 -0.9625 0.0869
vn 0.3451 -0.9344 0.0880
vn 0.4347 -0.8961 0.0891
vn 0.5256 -0.8459 0.0900
vn 0.6165 -0.7821 0.0907
vn -0.6106 -0.7723 0.1755
vn -0.5218 -0.8349 0.1750
vn -0.4327 -0.8845 0.1744
vn -0.3445 -0.9226 0.1737
vn -0.2575 -0.9507 0.1726
vn -0.1715 -0.9701 0.1715
vn -0.0859 -0.9816 0.1706
vn -0.0000 -0.9854 0.1703
vn 0.0859 -0.9816 0.1706
vn 0.1715 -0.9701 0.1715
vn 0.2575 -0.9507 0.1726
vn 0.3445 -0.9226 0.1737
vn 0.4327 -0.8845 0.1744
vn 0.5218 -0.8349 0.1750
vn 0.6106 -0.7723 0.1755
vn -0.6014 -0.7572 0.2549
vn -0.5155 -0.8179 0.2556
vn -0.4290 -0.8661 0.2566
vn -0.3430 -0.9034 0.2574
vn -0.2577 -0.9312 0.2577
vn -0.1726 -0.9507 0.2575
vn -0.0869 -0.9625 0.2571
vn -0.0000 -0.9664 0.2569
vn 0.0869 -0.9625 0.2571
vn 0.1726 -0.9507 0.2575
vn 0.2577 -0.9312 0.2577
vn 0.3430 -0.9034 0.2574
vn 0.4290 -0.8661 0.2566
vn 0.5155 -0.8179 0.2556
vn 0.6014 -0.7572 0.2549
vn -0.5891 -0.7371 0.3311
vn -0.5069 -0.7948 0.3337
vn -0.4236 -0.8408 0.3371
vn -0.3404 -0.8765 0.3404
vn -0.2574 -0.9034 0.3430
vn -0.1737 -0.9226 0.3445
vn -0.0880 -0.9344 0.3451
vn -0.0000 -0.9385 0.3453
vn 0.0880 -0.9344 0.3451
vn 0.1737 -0.9226 0.3445
vn 0.2574 -0.9034 0.3430
vn 0.3404 -0.8765 0.3404
vn 0.4236 -0.8408 0.3371
vn 0.5069 -0.7948 0.3337
vn 0.5891 -0.7371 0.3311
vn -0.5740 -0.7124 0.4037
vn -0.4961 -0.7656 0.4096
vn -0.4169 -0.8077 0.4169
vn -0.3371 -0.8408 0.4236
vn -0.2566 -0.8661 0.4290
vn -0.1744 -0.8845 0.4327
vn -0.0891 -0.8961 0.4347
vn -0.0000 -0.9002 0.4354
vn 0.0891 -0.8961 0.4347
vn 0.1744 -0.8845 0.4327
vn 0.2566 -0.8661 0.4290
vn 0.3371 -0.8408 0.4236
vn 0.4169 -0.8077 0.4169
vn 0.4961 -0.7656 0.4096
vn 0.5740 -0.7124 0.4037
vn -0.5564 -0.6839 0.4718
vn -0.4837 -0.7294 0.4837
vn -0.4096 -0.7656 0.4961
vn -0.3337 -0.7948 0.5069
vn -0.2556 -0.8179 0.5155
vn -0.1750 -0.8349 0.5218
vn -0.0901 -0.8459 0.5256
vn -0.0000 -0.8499 0.5270
vn 0.0900 -0.8459 0.5256
vn 0.1750 -0.8349 0.5218
vn 0.2556 -0.8179 0.5155
vn 0.3337 -0.7948 0.5069
vn 0.4096 -0.7656 0.4961
vn 0.4837 -0.7294 0.4837
vn 0.5564 -0.6839 0.4718
vn -0.5378 -0.6493 0.5378
vn -0.4718 -0.6839 0.5564
vn -0.4037 -0.7124 0.5740
vn -0.3311 -0.7371 0.5891
vn -0.2549 -0.7572 0.6014
vn -0.1755 -0.7723 0.6106
vn -0.0907 -0.7821 0.6165
vn -0.0000 -0.7857 0.6186
vn 0.0907 -0.7821 0.6165
vn 0.1755 -0.7723 0.6106
vn 0.2549 -0.7572 0.6014
vn 0.3311 -0.7371 0.5891
vn 0.4037 -0.7124 0.5740
vn 0.4718 -0.6839 0.5564
vn 0.5378 -0.6493 0.5378
vn 0.6493 -0.5378 -0.5378
vn 0.6839 -0.4718 -0.5564
vn 0.7124 -0.4037 -0.5740
vn 0.7371 -0.3311 -0.5891
vn 0.7572 -0.2549 -0.6014
vn 0.7723 -0.1755 -0.6106
vn 0.7821 -0.0907 -0.6165
vn 0.7857 -0.0000 -0.6186
vn 0.7821 0.0907 -0.6165
vn 0.7723 0.1755 -0.6106
vn 0.7572 0.2549 -0.6014
vn 0.7371 0.3311 -0.5891
vn 0.7124 0.4037 -0.5740
vn 0.6839 0.4718 -0.5564
vn 0.6493 0.5378 -0.5378
vn 0.6839 -0.5564 -0.4718
vn 0.7294 -0.4837 -0.4837
vn 0.7656 -0.4096 -0.4961
vn 0.7948 -0.3337 -0.5069
vn 0.8179 -0.2556 -0.5155
vn 0.8349 -0.1750 -0.5218
vn 0.8459 -0.0900 -0.5256
vn 0.8499 -0.0000 -0.5270
vn 0.8459 0.0900 -0.5256
vn 0.8349 0.1750 -0.5218
vn 0.8179 0.2556 -0.5155
vn 0.7948 0.3337 -0.5069
vn 0.7656 0.4096 -0.4961
vn 0.7294 0.4837 -0.4837
vn 0.6839 0.5564 -0.4718
vn 0.7124 -0.5740 -0.4037
vn 0.7656 -0.4961 -0.4096
vn 0.8077 -0.4169 -0.4169
vn 0.8408 -0.3371 -0.4236
vn 0.8661 -0.2566 -0.4290
vn 0.8845 -0.1744 -0.4327
vn 0.8961 -0.0891 -0.4347
vn 0.9002 -0.0000 -0.4354
vn 0.8961 0.0891 -0.4347
vn 0.8845 0.1744 -0.4327
vn 0.8661 0.2566 -0.4290
vn 0.8408 0.3371 -0.4236
vn 0.8077 0.4169 -0.4169
vn 0.7656 0.4961 -0.4096
vn 0.7124 0.5740 -0.4037
vn 0.7371 -0.5891 -0.3311
vn 0.7948 -0.5069 -0.3337
vn 0.8408 -0.4236 -0.3371
vn 0.8765 -0.3404 -0.3404
vn 0.9034 -0.2574 -0.3430
vn 0.9226 -0.1737 -0.3445
vn 0.9344 -0.0880 -0.3451
vn 0.9385 -0.0000 -0.3453
vn 0.9344 0.0880 -0.3451
vn 0.9226 0.1737 -0.3445
vn 0.9034 0.2574 -0.3430
vn 0.8765 0.3404 -0.3404
vn 0.8408 0.4236 -0.3371
vn 0.7948 0.5069 -0.3337
vn 0.7371 0.5891 -0.3311
vn 0.7572 -0.6014 -0.2549
vn 0.8179 -0.5155 -0.2556
vn 0.8661 -0.4290 -0.2566
vn 0.9034 -0.3430 -0.2574
vn 0.9312 -0.2577 -0.2577
vn 0.9507 -0.1726 -0.2575
vn 0.9625 -0.0869 -0.2571
vn 0.9664 -0.0000 -0.2569
vn 0.9625 0.0869 -0.2571
vn 0.9507 0.1726 -0.2575
vn 0.9312 0.2577 -0.2577
vn 0.9034 0.3430 -0.2574
vn 0.8661 0.4290 -0.2566
vn 0.8179 0.5155 -0.2556
vn 0.7572 0.6014 -0.2549
vn 0.7723 -0.6106 -0.1755
vn 0.8349 -0.5218 -0.1750
vn 0.8845 -0.4327 -0.1744
vn 0.9226 -0.3445 -0.1737
vn 0.9507 -0.2575 -0.1726
vn 0.9701 -0.1715 -0.1715
vn 0.9816 -0.0859 -0.1706
vn 0.9854 -0.0000 -0.1703
vn 0.9816 0.0859 -0.1706
vn 0.9701 0.1715 -0.1715
vn 0.9507 0.2575 -0.1726
vn 0.9226 0.3445 -0.1737
vn 0.8845 0.4327 -0.1744
vn 0.8349 0.5218 -0.1750
vn 0.7723 0.6106 -0.1755
vn 0.7821 -0.6165 -0.0907
vn 0.8459 -0.5256 -0.0900
vn 0.8961 -0.4347 -0.0891
vn 0.9344 -0.3451 -0.0880
vn 0.9625 -0.2571 -0.0869
vn 0.9816 -0.1706 -0.0859
vn 0.9927 -0.0851 -0.0851
vn 0.9964 -0.0000 -0.0848
vn 0.9927 0.0851 -0.0851
vn 0.9816 0.1706 -0.0859
vn 0.9625 0.2571 -0.0869
vn 0.9344 0.3451 -0.0880
vn 0.8961 0.4347 -0.0891
vn 0.8459 0.5256 -0.0900
vn 0.7821 0.6165 -0.0907
vn 0.7857 -0.6186 -0.0000
vn 0.8499 -0.5270 -0.0000
vn 0.9002 -0.4354 -0.0000
vn 0.9385 -0.3453 -0.0000
vn 0.9664 -0.2569 -0.0000
vn 0.9854 -0.1703 -0.0000
vn 0.9964 -0.0848 -0.0000
vn 1.0000 -0.0000 -0.0000
vn 0.9964 0.0848 -0.0000
vn 0.9854 0.1703 -0.0000
vn 0.9664 0.2569 -0.0000
vn 0.9385 0.3453 -0.0000
vn 0.9002 0.4354 -0.0000
vn 0.8499 0.5270 -0.0000
vn 0.7857 0.6186 -0.0000
vn 0.7821 -0.6165 0.0907
vn 0.8459 -0.5256 0.0900
vn 0.8961 -0.4347 0.0891
vn 0.9344 -0.3451 0.0880
vn 0.9625 -0.2571 0.0869
vn 0.9816 -0.1706 0.0859
vn 0.9927 -0.0851 0.0851
vn 0.9964 -0.0000 0.0848
vn 0.9927 0.0851 0.0851
vn 0.9816 0.1706 0.0859
vn 0.9625 0.2571 0.0869
vn 0.9344 0.3451 0.0880
vn 0.8961 0.4347 0.0891
vn 0.8459 0.5256 0.0900
vn 0.7821 0.6165 0.0907
vn 0.7723 -0.6106 0.1755
vn 0.8349 -0.5218 0.1750
vn 0.8845 -0.4327 0.1744
vn 0.9226 -0.3445 0.1737
vn 0.9507 -0.2575 0.1726
vn 0.9701 -0.1715 0.1715
vn 0.9816 -0.0859 0.1706
vn 0.9854 -0.0000 0.1703
vn 0.9816 0.0859 0.1706
vn 0.9701 0.1715 0.1715
vn 0.9507 0.2575 0.1726
vn 0.9226 0.3445 0.1737
vn 0.8845 0.4327 0.1744
vn 0.8349 0.5218 0.1750
vn 0.7723 0.6106 0.1755
vn 0.7572 -0.6014 0.2549
vn 0.8179 -0.5155 0.2556
vn 0.8661 -0.4290 0.2566
vn 0.9034 -0.3430 0.2574
vn 0.9312 -0.2577 0.2577
vn 0.9507 -0.1726 0.2575
vn 0.9625 -0.0869 0.2571
vn 0.9664 -0.0000 0.2569
vn 0.9625 0.0869 0.2571
vn 0.9507 0.1726 0.2575
vn 0.9312 0.2577 0.2577
vn 0.9034 0.3430 0.2574
vn 0.8661 0.4290 0.2566
vn 0.8179 0.5155 0.2556
vn 0.7572 0.6014 0.2549
vn 0.7371 -0.5891 0.3311
vn 0.7948 -0.5069 0.3337
vn 0.8408 -0.4236 0.3371
vn 0.8765 -0.3404 0.3404
vn 0.9034 -0.2574 0.3430
vn 0.9226 -0.1737 0.3445
vn 0.9344 -0.0880 0.3451
vn 0.9385 -0.0000 0.3453
vn 0.9344 0.0880 0.3451
vn 0.9226 0.1737 0.3445
vn 0.9034 0.2574 0.3430
vn 0.8765 0.3404 0.3404
vn 0.8408 0.4236 0.3371
vn 0.7948 0.5069 0.3337
vn 0.7371 0.5891 0.3311
vn 0.7124 -0.5740 0.4037
vn 0.7656 -0.4961 0.4096
vn 0.8077 -0.4169 0.4169
vn 0.8408 -0.3371 0.4236
vn 0.8661 -0.2566 0.4290
vn 0.8845 -0.1744 0.4327
vn 0.8961 -0.0891 0.4347
vn 0.9002 -0.0000 0.4354
vn 0.8961 0.0891 0.4347
vn 0.8845 0.1744 0.4327
vn 0.8661 0.2566 0.4290
vn 0.8408 0.3371 0.4236
vn 0.8077 0.4169 0.4169
vn 0.7656 0.4961 0.4096
vn 0.7124 0.5740 0.4037
vn 0.6839 -0.5564 0.4718
vn 0.7294 -0.4837 0.4837
vn 0.7656 -0.4096 0.4961
vn 0.7948 -0.3337 0.5069
vn 0.8179 -0.2556 0.5155
vn 0.8349 -0.1750 0.5218
vn 0.8459 -0.0901 0.5256
vn 0.8499 -0.0000 0.5270
vn 0.8459 0.0901 0.5256
vn 0.8349 0.1750 0.5218
vn 0.8179 0.2556 0.5155
vn 0.7948 0.3337 0.5069
vn 0.7656 0.4096 0.4961
vn 0.7294 0.4837 0.4837
vn 0.6839 0.5564 0.4718
vn 0.6493 -0.5378 0.5378
vn 0.6839 -0.4718 0.5564
vn 0.7124 -0.4037 0.5740
vn 0.7371 -0.3311 0.5891
vn 0.7572 -0.2549 0.6014
vn 0.7723 -0.1755 0.6106
vn 0.7821 -0.0907 0.6165
vn 0.7857 -0.0000 0.6186
vn 0.7821 0.0907 0.6165
vn 0.7723 0.1755 0.6106
vn 0.7572 0.2549 0.6014
vn 0.7371 0.3311 0.5891
vn 0.7124 0.4037 0.5740
vn 0.6839 0.4718 0.5564
vn 0.6493 0.5378 0.5378
vn -0.5378 -0.5378 -0.6493
vn -0.5564 -0.4718 -0.6839
vn -0.5740 -0.4037 -0.7124
vn -0.5891 -0.3311 -0.7371
vn -0.6014 -0.2549 -0.7572
vn -0.6106 -0.1755 -0.7723
vn -0.6165 -0.0907 -0.7821
vn -0.6186 -0.0000 -0.7857
vn -0.6165 0.0907 -0.7821
vn -0.6106 0.1755 -0.7723
vn -0.6014 0.2549 -0.7572
vn -0.5891 0.3311 -0.7371
vn -0.5740 0.4037 -0.7124
vn -0.5564 0.4718 -0.6839
vn -0.5378 0.5378 -0.6493
vn -0.4718 -0.5564 -0.6839
vn -0.4837 -0.4837 -0.7294
vn -0.4961 -0.4096 -0.7656
vn -0.5069 -0.3337 -0.7948
vn -0.5155 -0.2556 -0.8179
vn -0.5218 -0.1750 -0.8349
vn -0.5256 -0.0900 -0.8459
vn -0.5270 -0.0000 -0.8499
vn -0.5256 0.0900 -0.8459
vn -0.5218 0.1750 -0.8349
vn -0.5155 0.2556 -0.8179
vn -0.5069 0.3337 -0.7948
vn -0.4961 0.4096 -0.7656
vn -0.4837 0.4837 -0.7294
vn -0.4718 0.5564 -0.6839
vn -0.4037 -0.5740 -0.7124
vn -0.4096 -0.4961 -0.7656
vn -0.4169 -0.4169 -0.8077
vn -0.4236 -0.3371 -0.8408
vn -0.4290 -0.2566 -0.8661
vn -0.4327 -0.1744 -0.8845
vn -0.4347 -0.0891 -0.8961
vn -0.4354 -0.0000 -0.9002
vn -0.4347 0.0891 -0.8961
vn -0.4327 0.1744 -0.8845
vn -0.4290 0.2566 -0.8661
vn -0.4236 0.3371 -0.8408
vn -0.4169 0.4169 -0.8077
vn -0.4096 0.4961 -0.7656
vn -0.4037 0.5740 -0.7124
vn -0.3311 -0.5891 -0.7371
vn -0.3337 -0.5069 -0.7948
vn -0.3371 -0.4236 -0.8408
vn -0.3404 -0.3404 -0.8765
vn -0.3430 -0.2574 -0.9034
vn -0.3445 -0.1737 -0.9226
vn -0.3451 -0.0880 -0.9344
vn -0.3453 -0.0000 -0.9385
vn -0.3451 0.0880 -0.9344
vn -0.3445 0.1737 -0.9226
vn -0.3430 0.2574 -0.9034
vn -0.3404 0.3404 -0.8765
vn -0.3371 0.4236 -0.8408
vn -0.3337 0.5069 -0.7948
vn -0.3311 0.5891 -0.7371
vn -0.2549 -0.6014 -0.7572
vn -0.2556 -0.5155 -0.8179
vn -0.2566 -0.4290 -0.8661
vn -0.2574 -0.3430 -0.9034
vn -0.2577 -0.2577 -0.9312
vn -0.2575 -0.1726 -0.9507
vn -0.2571 -0.0869 -0.9625
vn -0.2569 -0.0000 -0.9664
vn -0.2571 0.0869 -0.9625
vn -0.2575 0.1726 -0.9507
vn -0.2577 0.2577 -0.9312
vn -0.2574 0.3430 -0.9034
vn -0.2566 0.4290 -0.8661
vn -0.2556 0.5155 -0.8179
vn -0.2549 0.6014 -0.7572
vn -0.1755 -0.6106 -0.7723
vn -0.1750 -0.5218 -0.8349
vn -0.1744 -0.4327 -0.8845
vn -0.1737 -0.3445 -0.9226
vn -0.1726 -0.2575 -0.9507
vn -0.1715 -0.1715 -0.9701
vn -0.1706 -0.0859 -0.9816
vn -0.1703 -0.0000 -0.9854
vn -0.1706 0.0859 -0.9816
vn -0.1715 0.1715 -0.9701
vn -0.1726 0.2575 -0.9507
vn -0.1737 0.3445 -0.9226
vn -0.1744 0.4327 -0.8845
vn -0.1750 0.5218 -0.8349
vn -0.1755 0.6106 -0.7723
vn -0.0907 -0.6165 -0.7821
vn -0.0900 -0.5256 -0.8459
vn -0.0891 -0.4347 -0.8961
vn -0.0880 -0.3451 -0.9344
vn -0.0869 -0.2571 -0.9625
vn -0.0859 -0.1706 -0.9816
vn -0.0851 -0.0851 -0.9927
vn -0.0848 -0.0000 -0.9964
vn -0.0851 0.0851 -0.9927
vn -0.0859 0.1706 -0.9816
vn -0.0869 0.2571 -0.9625
vn -0.0880 0.3451 -0.9344
vn -0.0891 0.4347 -0.8961
vn -0.0900 0.5256 -0.8459
vn -0.0907 0.6165 -0.7821
vn -0.0000 -0.6186 -0.7857
vn -0.0000 -0.5270 -0.8499
vn -0.0000 -0.4354 -0.9002
vn -0.0000 -0.3453 -0.9385
vn -0.0000 -0.2569 -0.9664
vn -0.0000 -0.1703 -0.9854
vn -0.0000 -0.0848 -0.9964
vn -0.0000 -0.0000 -1.0000
vn -0.0000 0.0848 -0.9964
vn -0.0000 0.1703 -0.9854
vn -0.0000 0.2569 -0.9664
vn -0.0000 0.3453 -0.9385
vn -0.0000 0.4354 -0.9002
vn -0.0000 0.5270 -0.8499
vn -0.0000 0.6186 -0.7857
vn 0.0907 -0.6165 -0.7821
vn 0.0900 -0.5256 -0.8459
vn 0.0891 -0.4347 -0.8961
vn 0.0880 -0.3451 -0.9344
vn 0.0869 -0.2571 -0.9625
vn 0.0859 -0.1706 -0.9816
vn 0.0851 -0.0851 -0.9927
vn 0.0848 -0.0000 -0.9964
vn 0.0851 0.0851 -0.9927
vn 0.0859 0.1706 -0.9816
vn 0.0869 0.2571 -0.9625
vn 0.0880 0.3451 -0.9344
vn 0.0891 0.4347 -0.8961
vn 0.0900 0.5256 -0.8459
vn 0.0907 0.6165 -0.7821
vn 0.1755 -0.6106 -0.7723
vn 0.1750 -0.5218 -0.8349
vn 0.1744 -0.4327 -0.8845
vn 0.1736 -0.3445 -0.9226
vn 0.1726 -0.2575 -0.9507
vn 0.1715 -0.1715 -0.9701
vn 0.1706 -0.0859 -0.9816
vn 0.1703 -0.0000 -0.9854
vn 0.1706 0.0859 -0.9816
vn 0.1715 0.1715 -0.9701
vn 0.1726 0.2575 -0.9507
vn 0.1737 0.3445 -0.9226
vn 0.1744 0.4327 -0.8845
vn 0.1750 0.5218 -0.8349
vn 0.1755 0.6106 -0.7723
vn 0.2549 -0.6014 -0.7572
vn 0.2556 -0.5155 -0.8179
vn 0.2566 -0.4290 -0.8661
vn 0.2574 -0.3430 -0.9034
vn 0.2577 -0.2577 -0.9312
vn 0.2575 -0.1726 -0.9507
vn 0.2571 -0.0869 -0.9625
vn 0.2569 -0.0000 -0.9664
vn 0.2571 0.0869 -0.9625
vn 0.2575 0.1726 -0.9507
vn 0.2577 0.2577 -0.9312
vn 0.2574 0.3430 -0.9034
vn 0.2566 0.4290 -0.8661
vn 0.2556 0.5155 -0.8179
vn 0.2549 0.6014 -0.7572
vn 0.3311 -0.5891 -0.7371
vn 0.3337 -0.5069 -0.7948
vn 0.3371 -0.4236 -0.8408
vn 0.3404 -0.3404 -0.8765
vn 0.3430 -0.2574 -0.9034
vn 0.3445 -0.1737 -0.9226
vn 0.3451 -0.0880 -0.9344
vn 0.3453 -0.0000 -0.9385
vn 0.3451 0.0880 -0.9344
vn 0.3445 0.1737 -0.9226
vn 0.3430 0.2574 -0.9034
vn 0.3404 0.3404 -0.8765
vn 0.3371 0.4236 -0.8408
vn 0.3337 0.5069 -0.7948
vn 0.3311 0.5891 -0.7371
vn 0.4037 -0.5740 -0.7124
vn 0.4096 -0.4961 -0.7656
vn 0.4169 -0.4169 -0.8077
vn 0.4236 -0.3371 -0.8408
vn 0.4290 -0.2566 -0.8661
vn 0.4327 -0.1744 -0.8845
vn 0.4347 -0.0891 -0.8961
vn 0.4354 -0.0000 -0.9002
vn 0.4347 0.0891 -0.8961
vn 0.4327 0.1744 -0.8845
vn 0.4290 0.2566 -0.8661
vn 0.4236 0.3371 -0.8408
vn 0.4169 0.4169 -0.8077
vn 0.4096 0.4961 -0.7656
vn 0.4037 0.5740 -0.7124
vn 0.4718 -0.5564 -0.6839
vn 0.4837 -0.4837 -0.7294
vn 0.4961 -0.4096 -0.7656
vn 0.5069 -0.3337 -0.7948
vn 0.5155 -0.2556 -0.8179
vn 0.5218 -0.1750 -0.8349
vn 0.5256 -0.0901 -0.8459
vn 0.5270 -0.0000 -0.8499
vn 0.5256 0.0900 -0.8459
vn 0.5218 0.1750 -0.8349
vn 0.5155 0.2556 -0.8179
vn 0.5069 0.3337 -0.7948
vn 0.4961 0.4096 -0.7656
vn 0.4837 0.4837 -0.7294
vn 0.4718 0.5564 -0.6839
vn 0.5378 -0.5378 -0.6493
vn 0.5564 -0.4718 -0.6839
vn 0.5740 -0.4037 -0.7124
vn 0.5891 -0.3311 -0.7371
vn 0.6014 -0.2549 -0.7572
vn 0.6106 -0.1755 -0.7723
vn 0.6165 -0.0907 -0.7821
vn 0.6186 -0.0000 -0.7857
vn 0.6165 0.0907 -0.7821
vn 0.6106 0.1755 -0.7723
vn 0.6014 0.2549 -0.7572
vn 0.5891 0.3311 -0.7371
vn 0.5740 0.4037 -0.7124
vn 0.5564 0.4718 -0.6839
vn 0.5378 0.5378 -0.6493
vt 0.193839 0.783205
vt 0.203117 0.778182
vt 0.208122 0.788643
vt 0.197367 0.793242
vt 0.212772 0.771967
vt 0.218868 0.782812
vt 0.222793 0.764997
vt 0.229671 0.776102
vt 0.233067 0.757544
vt 0.240551 0.768787
vt 0.243488 0.749752
vt 0.251450 0.761016
vt 0.253964 0.741728
vt 0.262299 0.752908
vt 0.264424 0.733564
vt 0.273056 0.744570
vt 0.274846 0.725351
vt 0.283717 0.736111
vt 0.285136 0.717090
vt 0.294178 0.727507
vt 0.295188 0.708826
vt 0.304322 0.718774
vt 0.304875 0.700625
vt 0.314021 0.709952
vt 0.314032 0.692554
vt 0.323112 0.701059
vt 0.322370 0.684659
vt 0.331336 0.692014
vt 0.329459 0.676846
vt 0.338367 0.682664
vt 0.212614 0.800164
vt 0.200574 0.804611
vt 0.224449 0.794516
vt 0.236161 0.787934
vt 0.247801 0.780646
vt 0.259336 0.772795
vt 0.270719 0.764502
vt 0.281927 0.755881
vt 0.292970 0.747052
vt 0.303737 0.737973
vt 0.314111 0.728642
vt 0.323964 0.719075
vt 0.333148 0.709270
vt 0.341454 0.699122
vt 0.348643 0.688489
vt 0.216902 0.812639
vt 0.203780 0.817077
vt 0.229782 0.807057
vt 0.242463 0.800513
vt 0.254970 0.793177
vt 0.267272 0.785172
vt 0.279331 0.776613
vt 0.291129 0.767616
vt 0.302680 0.758302
vt 0.313866 0.748631
vt 0.324573 0.738592
vt 0.334678 0.728194
vt 0.344056 0.717438
vt 0.352548 0.706260
vt 0.359986 0.694574
vt 0.221207 0.825985
vt 0.207102 0.830456
vt 0.235086 0.820417
vt 0.248750 0.813863
vt 0.262191 0.806435
vt 0.275366 0.798228
vt 0.288231 0.789343
vt 0.300750 0.779884
vt 0.312921 0.769980
vt 0.324617 0.759604
vt 0.335727 0.748765
vt 0.346145 0.737482
vt 0.355767 0.725774
vt 0.364483 0.713622
vt 0.372187 0.700990
vt 0.225601 0.840158
vt 0.210571 0.844664
vt 0.240454 0.834592
vt 0.255119 0.828012
vt 0.269558 0.820476
vt 0.283712 0.812047
vt 0.297511 0.802793
vt 0.310879 0.792800
vt 0.323772 0.782199
vt 0.336047 0.771003
vt 0.347608 0.759266
vt 0.358368 0.747040
vt 0.368253 0.734366
vt 0.377200 0.721268
vt 0.385159 0.707745
vt 0.230119 0.855140
vt 0.214188 0.859655
vt 0.245950 0.849590
vt 0.261650 0.842996
vt 0.277159 0.835365
vt 0.292396 0.826718
vt 0.307262 0.817083
vt 0.321622 0.806498
vt 0.335325 0.795075
vt 0.348226 0.782934
vt 0.360256 0.770198
vt 0.371363 0.756954
vt 0.381509 0.743278
vt 0.390673 0.729227
vt 0.398856 0.714832
vt 0.234810 0.870940
vt 0.217958 0.875413
vt 0.251657 0.865444
vt 0.268446 0.858868
vt 0.285096 0.851175
vt 0.301507 0.842343
vt 0.317564 0.832356
vt 0.333138 0.821182
vt 0.347702 0.808720
vt 0.361228 0.795507
vt 0.373718 0.781674
vt 0.385158 0.767337
vt 0.395546 0.752600
vt 0.404899 0.737549
vt 0.413260 0.722248
vt 0.749737 0.842493
vt 0.732475 0.840033
vt 0.735275 0.823791
vt 0.751626 0.826401
vt 0.715099 0.836558
vt 0.718901 0.820142
vt 0.697653 0.832002
vt 0.702535 0.815441
vt 0.680214 0.826321
vt 0.686235 0.809688
vt 0.662877 0.819481
vt 0.670087 0.802893
vt 0.645757 0.811452
vt 0.654191 0.795074
vt 0.628976 0.802188
vt 0.638685 0.786251
vt 0.613048 0.791526
vt 0.623733 0.776520
vt 0.598061 0.779995
vt 0.609494 0.765981
vt 0.584031 0.767728
vt 0.596049 0.754747
vt 0.570984 0.754837
vt 0.583461 0.742903
vt 0.558934 0.741424
vt 0.571777 0.730515
vt 0.547875 0.727578
vt 0.561024 0.717639
vt 0.537772 0.713367
vt 0.551205 0.704307
vt 0.737999 0.808382
vt 0.753455 0.811089
vt 0.722595 0.804601
vt 0.707258 0.799792
vt 0.692032 0.794008
vt 0.676985 0.787302
vt 0.662193 0.779736
vt 0.647742 0.771385
vt 0.633692 0.762373
vt 0.620185 0.752700
vt 0.607324 0.742404
vt 0.595200 0.731528
vt 0.583892 0.720105
vt 0.573466 0.708151
vt 0.563973 0.695659
vt 0.740696 0.793791
vt 0.755228 0.796571
vt 0.726258 0.789894
vt 0.711917 0.784993
vt 0.697696 0.779197
vt 0.683647 0.772597
vt 0.669827 0.765287
vt 0.656281 0.757366
vt 0.643030 0.748963
vt 0.630195 0.740035
vt 0.617886 0.730578
vt 0.606214 0.720600
vt 0.595281 0.710104
vt 0.585196 0.699062
vt 0.576060 0.687424
vt 0.743401 0.780031
vt 0.756954 0.782894
vt 0.729954 0.776002
vt 0.716590 0.770996
vt 0.703307 0.765182
vt 0.690149 0.758680
vt 0.677167 0.751599
vt 0.664393 0.744052
vt 0.651827 0.736162
vt 0.639580 0.727873
vt 0.627767 0.719164
vt 0.616508 0.710027
vt 0.605930 0.700449
vt 0.596182 0.690347
vt 0.587421 0.679617
vt 0.746192 0.767137
vt 0.758671 0.770137
vt 0.733774 0.762921
vt 0.721370 0.757762
vt 0.708953 0.751894
vt 0.696574 0.745455
vt 0.684294 0.738558
vt 0.672151 0.731317
vt 0.660145 0.723847
vt 0.648385 0.716098
vt 0.636985 0.708053
vt 0.626076 0.699710
vt 0.615802 0.691054
vt 0.606359 0.681953
vt 0.597970 0.672240
vt 0.749296 0.755168
vt 0.760518 0.758470
vt 0.737940 0.750642
vt 0.726423 0.745250
vt 0.714757 0.739265
vt 0.703020 0.732830
vt 0.691292 0.726055
vt 0.679629 0.719040
vt 0.668046 0.711894
vt 0.656647 0.704580
vt 0.645545 0.697102
vt 0.634876 0.689481
vt 0.624803 0.681720
vt 0.615571 0.673705
vt 0.607490 0.665247
vt 0.753036 0.744191
vt 0.762840 0.748088
vt 0.742718 0.739155
vt 0.731946 0.733412
vt 0.720867 0.727220
vt 0.709601 0.720708
vt 0.698254 0.713972
vt 0.686906 0.707095
vt 0.675590 0.700165
vt 0.664400 0.693172
vt 0.653446 0.686148
vt 0.642862 0.679143
vt 0.632818 0.672206
vt 0.623610 0.665346
vt 0.615650 0.658422
vt 0.183855 0.779256
vt 0.189751 0.774633
vt 0.184945 0.786716
vt 0.197061 0.768899
vt 0.205850 0.762007
vt 0.215303 0.754593
vt 0.225170 0.746855
vt 0.235304 0.738908
vt 0.245589 0.730842
vt 0.255930 0.722732
vt 0.266270 0.714623
vt 0.276555 0.706557
vt 0.286689 0.698610
vt 0.296556 0.690871
vt 0.306009 0.683458
vt 0.314798 0.676566
vt 0.322109 0.670832
vt 0.328005 0.666208
vt 0.334989 0.669045
vt 0.343746 0.672675
vt 0.354443 0.677203
vt 0.366192 0.682280
vt 0.378774 0.687816
vt 0.392092 0.693762
vt 0.406092 0.700082
vt 0.420713 0.706733
vt 0.528546 0.698836
vt 0.542283 0.690511
vt 0.555442 0.682588
vt 0.567969 0.675116
vt 0.579812 0.668139
vt 0.590882 0.661715
vt 0.600972 0.655960
vt 0.609242 0.651325
vt 0.615844 0.647686
vt 0.622243 0.651584
vt 0.630177 0.656418
vt 0.639715 0.662229
vt 0.649975 0.668479
vt 0.660684 0.675003
vt 0.671682 0.681702
vt 0.682845 0.688502
vt 0.694068 0.695339
vt 0.705290 0.702176
vt 0.716453 0.708976
vt 0.727451 0.715676
vt 0.738160 0.722200
vt 0.748420 0.728450
vt 0.757958 0.734260
vt 0.765892 0.739094
vt 0.772086 0.750528
vt 0.772291 0.742992
vt 0.771760 0.760002
vt 0.771275 0.771608
vt 0.770644 0.784391
vt 0.769876 0.798115
vt 0.768982 0.812674
vt 0.767977 0.828001
vt 0.766881 0.844026
vt 0.198139 0.863168
vt 0.201113 0.878953
vt 0.195338 0.848065
vt 0.192738 0.833712
vt 0.190361 0.820174
vt 0.188231 0.807554
vt 0.186383 0.796086
vt 0.768929 0.305972
vt 0.777428 0.312371
vt 0.769790 0.321231
vt 0.761334 0.313294
vt 0.787293 0.318868
vt 0.779411 0.328998
vt 0.798205 0.325696
vt 0.790004 0.336860
vt 0.809951 0.332912
vt 0.801422 0.345002
vt 0.822443 0.340518
vt 0.813601 0.353479
vt 0.835637 0.348502
vt 0.826512 0.362319
vt 0.849515 0.356863
vt 0.840152 0.371572
vt 0.850363 0.677312
vt 0.836931 0.686372
vt 0.827111 0.673039
vt 0.840260 0.663101
vt 0.824162 0.695020
vt 0.814669 0.682528
vt 0.812075 0.703254
vt 0.802939 0.691616
vt 0.800714 0.711061
vt 0.791953 0.700331
vt 0.790165 0.718438
vt 0.781776 0.708725
vt 0.780646 0.725431
vt 0.772564 0.716974
vt 0.772485 0.732257
vt 0.764525 0.725332
vt 0.760980 0.329708
vt 0.752488 0.320616
vt 0.770446 0.338570
vt 0.780786 0.347447
vt 0.791914 0.356545
vt 0.803800 0.365951
vt 0.816432 0.375728
vt 0.829816 0.385966
vt 0.816358 0.660163
vt 0.829201 0.649255
vt 0.804243 0.670573
vt 0.792854 0.680574
vt 0.782205 0.690230
vt 0.772333 0.699624
vt 0.763333 0.708958
vt 0.755317 0.718473
vt 0.751316 0.337974
vt 0.742813 0.328058
vt 0.760629 0.347740
vt 0.770711 0.357554
vt 0.781533 0.367586
vt 0.793091 0.377937
vt 0.805396 0.388696
vt 0.818467 0.399977
vt 0.804674 0.647776
vt 0.817152 0.635842
vt 0.792935 0.659150
vt 0.781921 0.670079
vt 0.771627 0.680651
vt 0.762060 0.690968
vt 0.753259 0.701198
vt 0.745273 0.711535
vt 0.741051 0.346130
vt 0.732600 0.335595
vt 0.750160 0.356629
vt 0.759934 0.367254
vt 0.770385 0.378148
vt 0.781539 0.389419
vt 0.793430 0.401170
vt 0.806096 0.413518
vt 0.792086 0.635931
vt 0.804104 0.622951
vt 0.780811 0.648274
vt 0.770248 0.660100
vt 0.760368 0.671515
vt 0.751150 0.682626
vt 0.742590 0.693577
vt 0.734689 0.704531
vt 0.730347 0.354166
vt 0.722020 0.343169
vt 0.739186 0.365247
vt 0.748582 0.376556
vt 0.758577 0.388222
vt 0.769221 0.400359
vt 0.780577 0.413076
vt 0.792712 0.426487
vt 0.778641 0.624698
vt 0.790074 0.610683
vt 0.767950 0.637979
vt 0.757940 0.650643
vt 0.748555 0.662805
vt 0.739750 0.674580
vt 0.731489 0.686098
vt 0.723735 0.697507
vt 0.719336 0.362053
vt 0.711202 0.350726
vt 0.727838 0.373587
vt 0.736775 0.385460
vt 0.746215 0.397795
vt 0.756226 0.410710
vt 0.766895 0.424329
vt 0.778334 0.438769
vt 0.764402 0.614159
vt 0.775087 0.599153
vt 0.754443 0.628305
vt 0.745105 0.641715
vt 0.736309 0.654517
vt 0.727990 0.666831
vt 0.720089 0.678785
vt 0.712545 0.690513
vt 0.708134 0.369783
vt 0.700255 0.358225
vt 0.716230 0.381660
vt 0.724629 0.393982
vt 0.733410 0.406865
vt 0.742656 0.420428
vt 0.752461 0.434812
vt 0.762972 0.450232
vt 0.749450 0.604427
vt 0.759159 0.588490
vt 0.740393 0.619294
vt 0.731854 0.633312
vt 0.723742 0.646627
vt 0.715984 0.659362
vt 0.708506 0.671638
vt 0.701229 0.683584
vt 0.696845 0.377384
vt 0.689274 0.365673
vt 0.704472 0.389514
vt 0.712257 0.402173
vt 0.720288 0.415468
vt 0.728650 0.429507
vt 0.737427 0.444416
vt 0.746686 0.460341
vt 0.733944 0.595605
vt 0.742378 0.579227
vt 0.725942 0.610943
vt 0.718309 0.625391
vt 0.710968 0.639080
vt 0.703841 0.652120
vt 0.696843 0.664624
vt 0.689881 0.676707
vt 0.685478 0.384751
vt 0.678286 0.372980
vt 0.692561 0.397029
vt 0.699654 0.409908
vt 0.706859 0.423475
vt 0.714265 0.437819
vt 0.721951 0.453038
vt 0.729999 0.469235
vt 0.718049 0.587786
vt 0.725258 0.571198
vt 0.711150 0.603377
vt 0.704488 0.618081
vt 0.697986 0.631999
vt 0.691561 0.645224
vt 0.685115 0.657848
vt 0.678534 0.669971
vt 0.674085 0.391777
vt 0.667368 0.380060
vt 0.680528 0.404093
vt 0.686846 0.417075
vt 0.693166 0.430785
vt 0.699580 0.445286
vt 0.706171 0.460649
vt 0.713035 0.476953
vt 0.701900 0.580991
vt 0.707922 0.564357
vt 0.696103 0.596671
vt 0.690439 0.611481
vt 0.684828 0.625496
vt 0.679182 0.638784
vt 0.673378 0.651414
vt 0.667268 0.663459
vt 0.662741 0.398350
vt 0.656620 0.386811
vt 0.668428 0.410588
vt 0.673877 0.423560
vt 0.679260 0.437300
vt 0.684670 0.451842
vt 0.690187 0.467228
vt 0.695909 0.483518
vt 0.685600 0.575238
vt 0.690482 0.558676
vt 0.680878 0.590886
vt 0.676218 0.605686
vt 0.671545 0.619683
vt 0.666766 0.632916
vt 0.661712 0.645429
vt 0.656189 0.657266
vt 0.651515 0.404324
vt 0.646156 0.393097
vt 0.656304 0.416375
vt 0.660788 0.429243
vt 0.665188 0.442927
vt 0.669599 0.457429
vt 0.674082 0.472760
vt 0.678719 0.488960
vt 0.669234 0.570537
vt 0.673036 0.554121
vt 0.665540 0.586077
vt 0.661877 0.600785
vt 0.658182 0.614676
vt 0.654362 0.627757
vt 0.650195 0.640037
vt 0.645418 0.651524
vt 0.640405 0.409426
vt 0.636108 0.398654
vt 0.644117 0.421220
vt 0.647564 0.433954
vt 0.650969 0.447558
vt 0.654408 0.461992
vt 0.657917 0.477242
vt 0.661544 0.493319
vt 0.652860 0.566887
vt 0.655660 0.550645
vt 0.650136 0.582296
vt 0.647439 0.596888
vt 0.644734 0.610647
vt 0.641943 0.623541
vt 0.638839 0.635510
vt 0.635099 0.646487
vt 0.629366 0.413297
vt 0.626516 0.403047
vt 0.631808 0.424854
vt 0.634175 0.437507
vt 0.636598 0.451078
vt 0.639111 0.465485
vt 0.641720 0.480685
vt 0.644430 0.496658
vt 0.636509 0.564277
vt 0.638398 0.548186
vt 0.634680 0.579590
vt 0.632907 0.594107
vt 0.631181 0.607784
vt 0.629464 0.620541
vt 0.627617 0.632208
vt 0.625295 0.642591
vt 0.768187 0.295260
vt 0.774967 0.298557
vt 0.761996 0.299481
vt 0.783462 0.302763
vt 0.793833 0.307994
vt 0.805218 0.313844
vt 0.817402 0.320206
vt 0.830294 0.327028
vt 0.843841 0.334268
vt 0.857986 0.341879
vt 0.859589 0.691843
vt 0.845852 0.700167
vt 0.832693 0.708090
vt 0.820166 0.715563
vt 0.808323 0.722540
vt 0.797253 0.728963
vt 0.787163 0.734718
vt 0.778893 0.739353
vt 0.616049 0.640150
vt 0.616375 0.630676
vt 0.616861 0.619071
vt 0.617491 0.606287
vt 0.618259 0.592563
vt 0.619153 0.578005
vt 0.620158 0.562677
vt 0.621254 0.546652
vt 0.627387 0.499066
vt 0.625473 0.483118
vt 0.623685 0.467863
vt 0.622048 0.453368
vt 0.620579 0.439702
vt 0.619296 0.426967
vt 0.618217 0.415402
vt 0.617408 0.405957
vt 0.623009 0.394221
vt 0.616817 0.398441
vt 0.630686 0.388988
vt 0.639914 0.382697
vt 0.649841 0.375931
vt 0.660202 0.368868
vt 0.670843 0.361614
vt 0.681644 0.354252
vt 0.692502 0.346851
vt 0.703361 0.339449
vt 0.714161 0.332087
vt 0.724802 0.324834
vt 0.735164 0.317771
vt 0.745090 0.311004
vt 0.754319 0.304714
vt 0.607881 0.404533
vt 0.606780 0.415288
vt 0.594935 0.413357
vt 0.597467 0.401626
vt 0.606509 0.427289
vt 0.593417 0.426056
vt 0.606723 0.440352
vt 0.592589 0.439634
vt 0.607259 0.454302
vt 0.592202 0.454024
vt 0.608050 0.469054
vt 0.592150 0.469170
vt 0.609053 0.484555
vt 0.592355 0.485043
vt 0.610220 0.500788
vt 0.592725 0.501657
vt 0.604022 0.545810
vt 0.603686 0.562082
vt 0.586986 0.562449
vt 0.586505 0.545838
vt 0.603478 0.577614
vt 0.587592 0.578311
vt 0.603442 0.592387
vt 0.588419 0.593435
vt 0.603620 0.606347
vt 0.589541 0.607786
vt 0.604074 0.619403
vt 0.591062 0.621304
vt 0.604958 0.631374
vt 0.593227 0.633909
vt 0.606607 0.642060
vt 0.596356 0.645495
vt 0.582560 0.410128
vt 0.586198 0.397491
vt 0.579965 0.423561
vt 0.578142 0.437750
vt 0.576846 0.452672
vt 0.575951 0.468296
vt 0.575347 0.484610
vt 0.574899 0.501647
vt 0.570022 0.563751
vt 0.568703 0.546758
vt 0.571459 0.580013
vt 0.573152 0.595570
vt 0.575209 0.610406
vt 0.577756 0.624483
vt 0.581034 0.637766
vt 0.585313 0.650201
vt 0.569619 0.405936
vt 0.574117 0.392517
vt 0.566092 0.420072
vt 0.563337 0.434896
vt 0.561164 0.450386
vt 0.559441 0.466522
vt 0.558032 0.483305
vt 0.556772 0.500772
vt 0.552796 0.565940
vt 0.550645 0.548560
vt 0.555061 0.582628
vt 0.557608 0.598655
vt 0.560570 0.614014
vt 0.564078 0.628677
vt 0.568324 0.642615
vt 0.573503 0.655786
vt 0.556084 0.401036
vt 0.561328 0.386919
vt 0.551729 0.415824
vt 0.548124 0.431256
vt 0.545128 0.447308
vt 0.542612 0.463957
vt 0.540429 0.481201
vt 0.538395 0.499073
vt 0.535324 0.568940
vt 0.532378 0.551196
vt 0.538386 0.586051
vt 0.541750 0.602549
vt 0.545563 0.618427
vt 0.549952 0.633655
vt 0.555057 0.648200
vt 0.561016 0.662030
vt 0.541966 0.395548
vt 0.547886 0.380791
vt 0.536859 0.410946
vt 0.532475 0.426962
vt 0.528712 0.443564
vt 0.525455 0.460718
vt 0.522559 0.478404
vt 0.519829 0.496630
vt 0.517620 0.572648
vt 0.513962 0.554585
vt 0.521416 0.590162
vt 0.525546 0.607127
vt 0.530153 0.623515
vt 0.535351 0.639286
vt 0.541239 0.654402
vt 0.547905 0.668838
vt 0.527267 0.389556
vt 0.533824 0.374192
vt 0.521453 0.405545
vt 0.516339 0.422139
vt 0.511862 0.439293
vt 0.507934 0.456949
vt 0.504426 0.475052
vt 0.501142 0.493567
vt 0.499682 0.576922
vt 0.495456 0.558600
vt 0.504111 0.594822
vt 0.508937 0.612255
vt 0.514285 0.629157
vt 0.520241 0.645468
vt 0.526865 0.661139
vt 0.534199 0.676147
vt 0.511938 0.383139
vt 0.519141 0.367172
vt 0.505431 0.399735
vt 0.499620 0.416927
vt 0.494484 0.434654
vt 0.489971 0.452828
vt 0.485992 0.471342
vt 0.482397 0.490068
vt 0.481462 0.581570
vt 0.476914 0.563052
vt 0.486383 0.599857
vt 0.491819 0.617776
vt 0.497855 0.635217
vt 0.504537 0.652090
vt 0.511884 0.668331
vt 0.519894 0.683909
vt 0.424332 0.363846
vt 0.431569 0.379797
vt 0.416253 0.386246
vt 0.409663 0.370897
vt 0.438111 0.396379
vt 0.422101 0.402224
vt 0.443958 0.413560
vt 0.427250 0.418807
vt 0.449132 0.431276
vt 0.431763 0.435951
vt 0.453683 0.449440
vt 0.435729 0.453599
vt 0.457701 0.467945
vt 0.439275 0.471695
vt 0.461335 0.486664
vt 0.442598 0.490202
vt 0.456013 0.565819
vt 0.453675 0.584743
vt 0.435035 0.582271
vt 0.437077 0.563578
vt 0.450940 0.603481
vt 0.432742 0.600567
vt 0.447650 0.621916
vt 0.430001 0.618446
vt 0.443708 0.639945
vt 0.426678 0.635860
vt 0.439057 0.657487
vt 0.422682 0.652759
vt 0.433671 0.674480
vt 0.417948 0.669100
vt 0.427549 0.690892
vt 0.412430 0.684867
vt 0.401567 0.392270
vt 0.395616 0.377526
vt 0.406706 0.407657
vt 0.411125 0.423664
vt 0.414923 0.440258
vt 0.418216 0.457405
vt 0.421150 0.475085
vt 0.423917 0.493305
vt 0.416719 0.580136
vt 0.418227 0.561768
vt 0.415009 0.597975
vt 0.412904 0.615309
vt 0.410257 0.632125
vt 0.406950 0.648397
vt 0.402882 0.664101
vt 0.397960 0.679221
vt 0.387461 0.397788
vt 0.382187 0.383682
vt 0.391847 0.412566
vt 0.395484 0.427991
vt 0.398514 0.444036
vt 0.401065 0.460680
vt 0.403285 0.477920
vt 0.405357 0.495787
vt 0.398702 0.578537
vt 0.399540 0.560569
vt 0.397674 0.595889
vt 0.396274 0.612669
vt 0.394356 0.628884
vt 0.391788 0.644522
vt 0.388430 0.659568
vt 0.384139 0.674003
vt 0.373936 0.402716
vt 0.369409 0.389307
vt 0.377493 0.416845
vt 0.380279 0.431663
vt 0.382484 0.447149
vt 0.384242 0.463281
vt 0.385686 0.480060
vt 0.386983 0.497525
vt 0.380998 0.577612
vt 0.381090 0.560100
vt 0.380712 0.594451
vt 0.380068 0.610666
vt 0.378934 0.626267
vt 0.377174 0.641242
vt 0.374598 0.655582
vt 0.371004 0.669270
vt 0.361004 0.406936
vt 0.357340 0.394307
vt 0.363627 0.420364
vt 0.365481 0.434549
vt 0.366808 0.449468
vt 0.367736 0.465089
vt 0.368374 0.481402
vt 0.368858 0.498439
vt 0.363634 0.577465
vt 0.362945 0.560436
vt 0.364120 0.593783
vt 0.364269 0.609432
vt 0.363972 0.624407
vt 0.363099 0.638686
vt 0.361406 0.652262
vt 0.358619 0.665114
vt 0.348636 0.410191
vt 0.346079 0.398465
vt 0.350181 0.422886
vt 0.351037 0.436463
vt 0.351454 0.450852
vt 0.351539 0.465998
vt 0.351367 0.481871
vt 0.351032 0.498486
vt 0.346635 0.578168
vt 0.345158 0.561615
vt 0.347899 0.593991
vt 0.348857 0.609107
vt 0.349431 0.623491
vt 0.349511 0.637094
vt 0.348843 0.649866
vt 0.347099 0.661740
vt 0.336795 0.412147
vt 0.335671 0.401394
vt 0.337091 0.424148
vt 0.336904 0.437210
vt 0.336398 0.451162
vt 0.335638 0.465916
vt 0.334669 0.481418
vt 0.333536 0.497654
vt 0.330008 0.579769
vt 0.327760 0.563649
vt 0.332042 0.595168
vt 0.333815 0.609834
vt 0.335280 0.623718
vt 0.336365 0.636737
vt 0.336896 0.648729
vt 0.336515 0.659534
vt 0.610038 0.395144
vt 0.326914 0.658749
vt 0.325476 0.649379
vt 0.323629 0.637911
vt 0.321499 0.625290
vt 0.319122 0.611752
vt 0.316521 0.597400
vt 0.313720 0.582297
vt 0.310746 0.566512
vt 0.316365 0.495969
vt 0.318246 0.480017
vt 0.320001 0.464757
vt 0.321607 0.450260
vt 0.323047 0.436590
vt 0.324304 0.423853
vt 0.325358 0.412285
vt 0.326147 0.402838
vt 0.333495 0.392010
vt 0.326722 0.395321
vt 0.341981 0.387787
vt 0.352341 0.382533
vt 0.363713 0.376660
vt 0.375884 0.370272
vt 0.388762 0.363422
vt 0.402293 0.356154
vt 0.416422 0.348513
vt 0.541163 0.359433
vt 0.527018 0.351822
vt 0.554710 0.366673
vt 0.567603 0.373495
vt 0.579787 0.379858
vt 0.591171 0.385707
vt 0.601542 0.390939
vt 0.327441 0.384608
vt 0.319831 0.377302
vt 0.328270 0.369348
vt 0.335927 0.378191
vt 0.310970 0.369999
vt 0.319442 0.360889
vt 0.301279 0.362578
vt 0.309761 0.352644
vt 0.291050 0.355063
vt 0.299479 0.344509
vt 0.280454 0.347510
vt 0.288757 0.336496
vt 0.269620 0.339977
vt 0.277730 0.328632
vt 0.258657 0.332501
vt 0.266511 0.320926
vt 0.247660 0.325076
vt 0.255206 0.313349
vt 0.236657 0.317792
vt 0.243824 0.306006
vt 0.225724 0.310735
vt 0.232417 0.299004
vt 0.214962 0.304007
vt 0.221059 0.292455
vt 0.204485 0.297743
vt 0.209820 0.286505
vt 0.194425 0.292207
vt 0.198699 0.281427
vt 0.184824 0.287835
vt 0.187652 0.277578
vt 0.337875 0.361560
vt 0.345778 0.371673
vt 0.328890 0.352008
vt 0.319053 0.342858
vt 0.308565 0.333991
vt 0.297574 0.325396
vt 0.286207 0.317080
vt 0.274582 0.309032
vt 0.262808 0.301203
vt 0.250881 0.293713
vt 0.238833 0.286674
vt 0.226719 0.280205
vt 0.214583 0.274444
vt 0.202386 0.269624
vt 0.190069 0.266016
vt 0.348451 0.353676
vt 0.356676 0.364822
vt 0.339210 0.343109
vt 0.329114 0.333023
vt 0.318317 0.323345
vt 0.306945 0.314067
vt 0.295120 0.305188
vt 0.282955 0.296692
vt 0.270566 0.288528
vt 0.257947 0.280819
vt 0.245123 0.273679
vt 0.232141 0.267221
vt 0.219039 0.261566
vt 0.205806 0.256883
vt 0.192409 0.253359
vt 0.359851 0.345510
vt 0.368406 0.357582
vt 0.350320 0.333987
vt 0.339915 0.322968
vt 0.328745 0.312429
vt 0.316915 0.302380
vt 0.304533 0.292834
vt 0.291709 0.283791
vt 0.278569 0.275216
vt 0.265123 0.267237
vt 0.251415 0.259956
vt 0.237495 0.253470
vt 0.223411 0.247873
vt 0.209182 0.243272
vt 0.194804 0.239783
vt 0.372012 0.337007
vt 0.380882 0.349950
vt 0.362185 0.324556
vt 0.351451 0.312592
vt 0.339875 0.301135
vt 0.327534 0.290221
vt 0.314517 0.279897
vt 0.300926 0.270208
vt 0.286901 0.261158
vt 0.272499 0.252877
vt 0.257798 0.245441
vt 0.242874 0.238917
vt 0.227792 0.233362
vt 0.212591 0.228830
vt 0.197287 0.225370
vt 0.384905 0.328140
vt 0.394059 0.341938
vt 0.374796 0.314752
vt 0.363733 0.301807
vt 0.351741 0.289359
vt 0.338863 0.277480
vt 0.325157 0.266256
vt 0.310701 0.255803
vt 0.295646 0.246231
vt 0.280153 0.237642
vt 0.264356 0.230064
vt 0.248359 0.223519
vt 0.232242 0.218021
vt 0.216067 0.213574
vt 0.199863 0.210165
vt 0.398525 0.318858
vt 0.407919 0.333547
vt 0.388159 0.304486
vt 0.376781 0.290499
vt 0.364381 0.276984
vt 0.350969 0.264043
vt 0.336566 0.251792
vt 0.321179 0.240361
vt 0.304872 0.230286
vt 0.288166 0.221428
vt 0.271186 0.213746
vt 0.254046 0.207217
vt 0.236845 0.201812
vt 0.219660 0.197488
vt 0.202539 0.194186
vt 0.535490 0.336839
vt 0.544853 0.322130
vt 0.558492 0.331383
vt 0.549367 0.345200
vt 0.555189 0.307736
vt 0.568573 0.317974
vt 0.566537 0.293725
vt 0.579608 0.305005
vt 0.578908 0.280183
vt 0.591575 0.292532
vt 0.592292 0.267214
vt 0.604428 0.280626
vt 0.606670 0.254933
vt 0.618109 0.269373
vt 0.622033 0.243470
vt 0.632544 0.258890
vt 0.638318 0.233360
vt 0.647578 0.249286
vt 0.655005 0.224466
vt 0.663053 0.240664
vt 0.671969 0.216749
vt 0.678833 0.233052
vt 0.689095 0.210183
vt 0.694817 0.226473
vt 0.706285 0.204742
vt 0.710922 0.220942
vt 0.723461 0.200382
vt 0.727088 0.216460
vt 0.740574 0.197043
vt 0.743284 0.213017
vt 0.571404 0.340222
vt 0.562561 0.353184
vt 0.581205 0.327750
vt 0.591914 0.315764
vt 0.603465 0.304283
vt 0.615783 0.293343
vt 0.628778 0.282991
vt 0.642349 0.273274
vt 0.656354 0.264194
vt 0.670739 0.255882
vt 0.685424 0.248416
vt 0.700334 0.241860
vt 0.715405 0.236273
vt 0.730596 0.231709
vt 0.745893 0.228216
vt 0.583583 0.348700
vt 0.575053 0.360790
vt 0.593090 0.337156
vt 0.603472 0.326116
vt 0.614619 0.315553
vt 0.626428 0.305479
vt 0.638790 0.295907
vt 0.651594 0.286837
vt 0.664716 0.278234
vt 0.678145 0.270226
vt 0.691838 0.262917
vt 0.705744 0.256402
vt 0.719816 0.250774
vt 0.734035 0.246144
vt 0.748406 0.242624
vt 0.595000 0.356841
vt 0.586799 0.368005
vt 0.604219 0.346255
vt 0.614293 0.336148
vt 0.625070 0.326447
vt 0.636422 0.317145
vt 0.648229 0.308242
vt 0.660375 0.299719
vt 0.672747 0.291529
vt 0.685350 0.283794
vt 0.698158 0.276627
vt 0.711127 0.270142
vt 0.724217 0.264459
vt 0.737441 0.259747
vt 0.750829 0.256195
vt 0.605593 0.364704
vt 0.597711 0.374833
vt 0.614558 0.355132
vt 0.624376 0.345962
vt 0.634844 0.337073
vt 0.645818 0.328455
vt 0.657167 0.320115
vt 0.668774 0.312041
vt 0.680532 0.304188
vt 0.692443 0.296673
vt 0.704476 0.289609
vt 0.716577 0.283113
vt 0.728701 0.277327
vt 0.740887 0.272481
vt 0.753197 0.268847
vt 0.615215 0.372471
vt 0.607576 0.381330
vt 0.624024 0.363994
vt 0.633688 0.355728
vt 0.643953 0.347572
vt 0.654658 0.339535
vt 0.665669 0.331648
vt 0.676871 0.323919
vt 0.688160 0.316317
vt 0.699526 0.308951
vt 0.710919 0.301925
vt 0.722263 0.295351
vt 0.733489 0.289377
vt 0.744600 0.284276
vt 0.755638 0.280404
vt 0.623670 0.380407
vt 0.616075 0.387730
vt 0.632516 0.373086
vt 0.642191 0.365644
vt 0.652404 0.358107
vt 0.662984 0.350532
vt 0.673802 0.342976
vt 0.684749 0.335477
vt 0.695731 0.328029
vt 0.706718 0.320721
vt 0.717636 0.313642
vt 0.728384 0.306891
vt 0.738848 0.300605
vt 0.748896 0.295048
vt 0.758488 0.290655
vt 0.320522 0.391114
vt 0.312834 0.385897
vt 0.303592 0.379626
vt 0.293651 0.372881
vt 0.283274 0.365840
vt 0.272618 0.358609
vt 0.261802 0.351270
vt 0.250928 0.343891
vt 0.240054 0.336512
vt 0.229238 0.329173
vt 0.218582 0.321942
vt 0.208205 0.314901
vt 0.198265 0.308156
vt 0.189023 0.301885
vt 0.181335 0.296668
vt 0.175134 0.292461
vt 0.175709 0.284944
vt 0.176499 0.275498
vt 0.177553 0.263930
vt 0.178809 0.251192
vt 0.180249 0.237523
vt 0.181856 0.223025
vt 0.183611 0.207766
vt 0.185491 0.191814
vt 0.757618 0.194635
vt 0.759532 0.210583
vt 0.761319 0.225839
vt 0.762956 0.240333
vt 0.764425 0.254000
vt 0.765708 0.266734
vt 0.766787 0.278300
vt 0.767597 0.287745
vt 0.166185 0.286388
vt 0.155777 0.289317
vt 0.153220 0.277591
vt 0.165061 0.275635
vt 0.144517 0.293476
vt 0.140853 0.280846
vt 0.132447 0.298475
vt 0.127920 0.285066
vt 0.119669 0.304100
vt 0.114395 0.289994
vt 0.106241 0.310257
vt 0.100290 0.295512
vt 0.092193 0.316885
vt 0.085603 0.301536
vt 0.077524 0.323937
vt 0.070287 0.307985
vt 0.084310 0.754572
vt 0.099429 0.760598
vt 0.093911 0.776364
vt 0.078188 0.770984
vt 0.113900 0.766244
vt 0.108977 0.781363
vt 0.127720 0.771462
vt 0.123429 0.785897
vt 0.140855 0.776194
vt 0.137261 0.789883
vt 0.153240 0.780351
vt 0.150454 0.793203
vt 0.164760 0.783725
vt 0.163016 0.795599
vt 0.175344 0.785931
vt 0.174963 0.796736
vt 0.151676 0.264896
vt 0.164766 0.263635
vt 0.138229 0.267419
vt 0.124363 0.270937
vt 0.110009 0.275216
vt 0.095150 0.280125
vt 0.079755 0.285559
vt 0.063745 0.291403
vt 0.089177 0.792706
vt 0.072802 0.787977
vt 0.104909 0.797067
vt 0.120071 0.800942
vt 0.134685 0.804223
vt 0.148760 0.806779
vt 0.162349 0.808370
vt 0.175494 0.808728
vt 0.150819 0.251319
vt 0.164952 0.250572
vt 0.136376 0.253234
vt 0.121577 0.256119
vt 0.106372 0.259791
vt 0.090732 0.264118
vt 0.074606 0.268975
vt 0.057898 0.274222
vt 0.085181 0.809604
vt 0.068152 0.805519
vt 0.101602 0.813340
vt 0.117504 0.816580
vt 0.132925 0.819197
vt 0.147888 0.821058
vt 0.162428 0.821974
vt 0.176579 0.821747
vt 0.150402 0.236931
vt 0.165458 0.236620
vt 0.135049 0.238315
vt 0.119372 0.240634
vt 0.103342 0.243746
vt 0.086934 0.247524
vt 0.070093 0.251831
vt 0.052725 0.256507
vt 0.081859 0.827018
vt 0.064209 0.823549
vt 0.098955 0.830156
vt 0.115585 0.832796
vt 0.131791 0.834798
vt 0.147590 0.836033
vt 0.163002 0.836357
vt 0.178044 0.835631
vt 0.150318 0.221784
vt 0.166218 0.221867
vt 0.134121 0.222693
vt 0.117614 0.224501
vt 0.100791 0.227102
vt 0.083640 0.230377
vt 0.066128 0.234183
vt 0.048174 0.238343
vt 0.079117 0.844898
vt 0.060919 0.841983
vt 0.096850 0.847489
vt 0.114185 0.849576
vt 0.131148 0.851013
vt 0.147740 0.851681
vt 0.163961 0.851473
vt 0.179818 0.850297
vt 0.150490 0.205911
vt 0.167188 0.206364
vt 0.133482 0.206380
vt 0.116170 0.207722
vt 0.098571 0.209862
vt 0.080707 0.212698
vt 0.062581 0.216088
vt 0.044155 0.219837
vt 0.076824 0.863194
vt 0.058184 0.860721
vt 0.095140 0.865329
vt 0.113157 0.866928
vt 0.130861 0.867852
vt 0.148225 0.867999
vt 0.165224 0.867297
vt 0.181852 0.865696
vt 0.150824 0.189296
vt 0.168321 0.190128
vt 0.132998 0.189343
vt 0.114873 0.190258
vt 0.096499 0.191995
vt 0.077939 0.194477
vt 0.059258 0.197580
vt 0.040521 0.201118
vt 0.074782 0.881887
vt 0.055846 0.879646
vt 0.093633 0.883697
vt 0.112320 0.884895
vt 0.130769 0.885364
vt 0.148915 0.885029
vt 0.166701 0.883849
vt 0.184099 0.881816
vt 0.774784 0.192913
vt 0.792279 0.192045
vt 0.792649 0.208659
vt 0.775952 0.209147
vt 0.810105 0.192054
vt 0.809657 0.209092
vt 0.828232 0.192930
vt 0.826972 0.210397
vt 0.846610 0.194629
vt 0.844575 0.212500
vt 0.865175 0.197071
vt 0.862446 0.215298
vt 0.883863 0.200135
vt 0.880578 0.218649
vt 0.902607 0.203633
vt 0.899012 0.222360
vt 0.911221 0.827626
vt 0.892680 0.832079
vt 0.888453 0.813756
vt 0.906673 0.809108
vt 0.874173 0.836094
vt 0.870515 0.818031
vt 0.855757 0.839482
vt 0.852811 0.821738
vt 0.837490 0.842119
vt 0.835339 0.824739
vt 0.819432 0.843920
vt 0.818113 0.826928
vt 0.801630 0.844841
vt 0.801149 0.828230
vt 0.784113 0.844868
vt 0.784449 0.828596
vt 0.792854 0.224532
vt 0.776954 0.224648
vt 0.809053 0.225406
vt 0.825563 0.227179
vt 0.842392 0.229745
vt 0.859550 0.232984
vt 0.877070 0.236752
vt 0.895033 0.240874
vt 0.884024 0.795856
vt 0.901752 0.790822
vt 0.866719 0.800516
vt 0.849749 0.804628
vt 0.833074 0.808051
vt 0.816676 0.810666
vt 0.800543 0.812367
vt 0.784657 0.813064
vt 0.792802 0.239678
vt 0.777745 0.239399
vt 0.808158 0.241030
vt 0.823840 0.243315
vt 0.839876 0.246394
vt 0.856293 0.250138
vt 0.873142 0.254409
vt 0.890521 0.259048
vt 0.879198 0.778424
vt 0.896316 0.772903
vt 0.862589 0.783551
vt 0.846385 0.788129
vt 0.830527 0.792024
vt 0.814983 0.795108
vt 0.799716 0.797243
vt 0.784693 0.798292
vt 0.792415 0.254067
vt 0.778281 0.253350
vt 0.806863 0.255951
vt 0.821667 0.258806
vt 0.836880 0.262446
vt 0.852530 0.266739
vt 0.868665 0.271562
vt 0.885384 0.276774
vt 0.873850 0.761522
vt 0.890281 0.755462
vt 0.857982 0.767163
vt 0.842572 0.772252
vt 0.827566 0.776664
vt 0.812926 0.780272
vt 0.798594 0.782893
vt 0.784515 0.784332
vt 0.791587 0.267646
vt 0.778495 0.266412
vt 0.805039 0.270140
vt 0.818913 0.273629
vt 0.833275 0.277878
vt 0.848145 0.282756
vt 0.863551 0.288157
vt 0.879574 0.293967
vt 0.867894 0.745210
vt 0.883598 0.738589
vt 0.852784 0.751392
vt 0.838183 0.757024
vt 0.824057 0.762001
vt 0.810380 0.766195
vt 0.797073 0.769374
vt 0.784061 0.771276
vt 0.790070 0.280344
vt 0.778225 0.278413
vt 0.802444 0.283573
vt 0.815386 0.287766
vt 0.828921 0.292665
vt 0.843038 0.298153
vt 0.857737 0.304146
vt 0.873067 0.310563
vt 0.861270 0.729539
vt 0.876251 0.722347
vt 0.846897 0.736276
vt 0.833078 0.742478
vt 0.819811 0.748064
vt 0.807101 0.752912
vt 0.794908 0.756770
vt 0.783177 0.759304
vt 0.787538 0.292076
vt 0.777124 0.289169
vt 0.798807 0.296210
vt 0.810887 0.301184
vt 0.823677 0.306782
vt 0.837118 0.312911
vt 0.851180 0.319509
vt 0.865864 0.326530
vt 0.853936 0.714531
vt 0.868241 0.706769
vt 0.840230 0.721841
vt 0.827119 0.728648
vt 0.814633 0.734893
vt 0.802822 0.740478
vt 0.791779 0.745184
vt 0.781528 0.748619
vt 0.168362 0.295772
vt 0.159875 0.299996
vt 0.149515 0.305249
vt 0.138143 0.311122
vt 0.125973 0.317511
vt 0.113095 0.324360
vt 0.099563 0.331629
vt 0.085434 0.339269
vt 0.091146 0.738732
vt 0.105767 0.745382
vt 0.119767 0.751702
vt 0.133086 0.757649
vt 0.145667 0.763185
vt 0.157416 0.768262
vt 0.168113 0.772790
vt 0.176870 0.776419
vt 0.317033 0.399948
vt 0.314204 0.410204
vt 0.303158 0.406356
vt 0.307431 0.395575
vt 0.311787 0.421766
vt 0.299470 0.418158
vt 0.309447 0.434424
vt 0.296051 0.430900
vt 0.307053 0.448000
vt 0.292674 0.444510
vt 0.304570 0.462412
vt 0.289266 0.458952
vt 0.301993 0.477617
vt 0.285789 0.474208
vt 0.299317 0.493596
vt 0.282196 0.490294
vt 0.293902 0.570052
vt 0.297671 0.585809
vt 0.281740 0.590325
vt 0.277049 0.574525
vt 0.301288 0.600801
vt 0.286258 0.605306
vt 0.304757 0.615009
vt 0.290653 0.619479
vt 0.308080 0.628387
vt 0.294958 0.632825
vt 0.311286 0.640854
vt 0.299246 0.645301
vt 0.314493 0.652222
vt 0.303737 0.656822
vt 0.318020 0.662260
vt 0.308742 0.667283
vt 0.292037 0.401278
vt 0.297372 0.390039
vt 0.287274 0.413338
vt 0.282817 0.426216
vt 0.278445 0.439910
vt 0.274065 0.454420
vt 0.269614 0.469761
vt 0.265011 0.485971
vt 0.265910 0.595875
vt 0.260202 0.580020
vt 0.271405 0.610873
vt 0.276774 0.625048
vt 0.282078 0.638408
vt 0.287410 0.650949
vt 0.292991 0.662653
vt 0.299088 0.673498
vt 0.280798 0.395328
vt 0.286895 0.383775
vt 0.275137 0.407577
vt 0.269715 0.420561
vt 0.264362 0.434312
vt 0.258982 0.448865
vt 0.253498 0.464263
vt 0.247810 0.480566
vt 0.250209 0.602469
vt 0.243414 0.586596
vt 0.256740 0.617453
vt 0.263109 0.631601
vt 0.269396 0.644951
vt 0.275699 0.657531
vt 0.282189 0.669362
vt 0.289066 0.680467
vt 0.269440 0.388778
vt 0.276132 0.377047
vt 0.263023 0.401108
vt 0.256733 0.414103
vt 0.250442 0.427826
vt 0.244059 0.442341
vt 0.237500 0.457718
vt 0.230670 0.474036
vt 0.234700 0.610099
vt 0.226763 0.594290
vt 0.242301 0.624988
vt 0.249668 0.639030
vt 0.256889 0.652288
vt 0.264058 0.664819
vt 0.271308 0.676678
vt 0.278793 0.687921
vt 0.258032 0.381776
vt 0.265200 0.369991
vt 0.250975 0.394069
vt 0.243910 0.406963
vt 0.236733 0.420546
vt 0.229358 0.434905
vt 0.221704 0.450140
vt 0.213690 0.466355
vt 0.219463 0.618747
vt 0.210352 0.603122
vt 0.228147 0.633418
vt 0.236493 0.647236
vt 0.244588 0.660293
vt 0.252523 0.672670
vt 0.260410 0.684448
vt 0.268371 0.695713
vt 0.246650 0.374434
vt 0.254196 0.362706
vt 0.239048 0.386579
vt 0.231290 0.399255
vt 0.223287 0.412567
vt 0.214955 0.426624
vt 0.206210 0.441551
vt 0.196984 0.457496
vt 0.204597 0.628381
vt 0.194295 0.613109
vt 0.214348 0.642671
vt 0.223628 0.656122
vt 0.232528 0.668851
vt 0.241140 0.680963
vt 0.249560 0.692556
vt 0.257895 0.703737
vt 0.235345 0.366856
vt 0.243199 0.355282
vt 0.227274 0.378751
vt 0.218901 0.391090
vt 0.210147 0.403991
vt 0.200930 0.417574
vt 0.191156 0.431979
vt 0.180678 0.447421
vt 0.190237 0.638967
vt 0.178721 0.624282
vt 0.200980 0.652665
vt 0.211109 0.665581
vt 0.220730 0.677849
vt 0.229933 0.689583
vt 0.238803 0.700894
vt 0.247435 0.711901
vt 0.224127 0.359150
vt 0.232237 0.347806
vt 0.215649 0.370702
vt 0.206737 0.382594
vt 0.197324 0.394949
vt 0.187339 0.407885
vt 0.176699 0.421526
vt 0.165291 0.435990
vt 0.176534 0.650390
vt 0.164157 0.636744
vt 0.188088 0.663266
vt 0.198939 0.675485
vt 0.209180 0.687162
vt 0.218889 0.698413
vt 0.228142 0.709354
vt 0.237013 0.720114
vt 0.213099 0.351286
vt 0.221403 0.340272
vt 0.204283 0.362386
vt 0.194911 0.373715
vt 0.184941 0.385402
vt 0.174322 0.397561
vt 0.162994 0.410302
vt 0.150887 0.423739
vt 0.163633 0.662530
vt 0.150631 0.649958
vt 0.175812 0.674461
vt 0.187243 0.685861
vt 0.197993 0.696834
vt 0.208122 0.707491
vt 0.217681 0.717958
vt 0.226723 0.728375
vt 0.202378 0.343273
vt 0.210806 0.332720
vt 0.193291 0.353791
vt 0.183539 0.364437
vt 0.173111 0.375353
vt 0.161982 0.386648
vt 0.150116 0.398423
vt 0.137475 0.410799
vt 0.151603 0.675267
vt 0.138141 0.663791
vt 0.164252 0.686198
vt 0.176132 0.696700
vt 0.187287 0.706872
vt 0.197748 0.716822
vt 0.207537 0.726690
vt 0.216672 0.736638
vt 0.192095 0.335138
vt 0.200578 0.325205
vt 0.182804 0.344924
vt 0.172742 0.354759
vt 0.161942 0.364814
vt 0.150406 0.375190
vt 0.138123 0.385975
vt 0.125076 0.397283
vt 0.140496 0.688511
vt 0.126701 0.678127
vt 0.153492 0.698425
vt 0.165714 0.707982
vt 0.177181 0.717270
vt 0.187896 0.726390
vt 0.197839 0.735513
vt 0.206985 0.744839
vt 0.182414 0.326893
vt 0.190887 0.317783
vt 0.172967 0.335775
vt 0.162646 0.344674
vt 0.151537 0.353796
vt 0.139671 0.363227
vt 0.127060 0.373030
vt 0.113698 0.383296
vt 0.130350 0.702186
vt 0.116313 0.692864
vt 0.143606 0.711099
vt 0.156092 0.719691
vt 0.167803 0.728027
vt 0.178712 0.736194
vt 0.188748 0.744405
vt 0.197827 0.752910
vt 0.173587 0.318435
vt 0.182026 0.310480
vt 0.163982 0.326222
vt 0.153405 0.334107
vt 0.142005 0.342273
vt 0.129844 0.350776
vt 0.116951 0.359643
vt 0.103331 0.368924
vt 0.121186 0.716238
vt 0.106960 0.707915
vt 0.134659 0.724197
vt 0.147376 0.731843
vt 0.159311 0.739205
vt 0.170405 0.746343
vt 0.180523 0.753451
vt 0.189490 0.760805
vt 0.165929 0.309591
vt 0.174415 0.303174
vt 0.156078 0.316109
vt 0.145181 0.322960
vt 0.133450 0.330201
vt 0.120974 0.337833
vt 0.107797 0.345845
vt 0.093937 0.354235
vt 0.113004 0.730633
vt 0.098599 0.723216
vt 0.126701 0.737719
vt 0.139672 0.744475
vt 0.151873 0.750891
vt 0.163216 0.756976
vt 0.173493 0.762800
vt 0.182400 0.768618
s 1
usemtl Material.002
f 189/1/189 190/2/190 205/3/205 204/4/204
f 190/2/190 191/5/191 206/6/206 205/3/205
f 191/5/191 192/7/192 207/8/207 206/6/206
f 192/7/192 193/9/193 208/10/208 207/8/207
f 193/9/193 194/11/194 209/12/209 208/10/208
f 194/11/194 195/13/195 210/14/210 209/12/209
f 195/13/195 196/15/196 211/16/211 210/14/210
f 196/15/196 197/17/197 212/18/212 211/16/211
f 197/17/197 198/19/198 213/20/213 212/18/212
f 198/19/198 199/21/199 214/22/214 213/20/213
f 199/21/199 200/23/200 215/24/215 214/22/214
f 200/23/200 201/25/201 216/26/216 215/24/215
f 201/25/201 202/27/202 217/28/217 216/26/216
f 202/27/202 203/29/203 218/30/218 217/28/217
f 204/4/204 205/3/205 220/31/220 219/32/219
f 205/3/205 206/6/206 221/33/221 220/31/220
f 206/6/206 207/8/207 222/34/222 221/33/221
f 207/8/207 208/10/208 223/35/223 222/34/222
f 208/10/208 209/12/209 224/36/224 223/35/223
f 209/12/209 210/14/210 225/37/225 224/36/224
f 210/14/210 211/16/211 226/38/226 225/37/225
f 211/16/211 212/18/212 227/39/227 226/38/226
f 212/18/212 213/20/213 228/40/228 227/39/227
f 213/20/213 214/22/214 229/41/229 228/40/228
f 214/22/214 215/24/215 230/42/230 229/41/229
f 215/24/215 216/26/216 231/43/231 230/42/230
f 216/26/216 217/28/217 232/44/232 231/43/231
f 217/28/217 218/30/218 233/45/233 232/44/232
f 219/32/219 220/31/220 235/46/235 234/47/234
f 220/31/220 221/33/221 236/48/236 235/46/235
f 221/33/221 222/34/222 237/49/237 236/48/236
f 222/34/222 223/35/223 238/50/238 237/49/237
f 223/35/223 224/36/224 239/51/239 238/50/238
f 224/36/224 225/37/225 240/52/240 239/51/239
f 225/37/225 226/38/226 241/53/241 240/52/240
f 226/38/226 227/39/227 242/54/242 241/53/241
f 227/39/227 228/40/228 243/55/243 242/54/242
f 228/40/228 229/41/229 244/56/244 243/55/243
f 229/41/229 230/42/230 245/57/245 244/56/244
f 230/42/230 231/43/231 246/58/246 245/57/245
f 231/43/231 232/44/232 247/59/247 246/58/246
f 232/44/232 233/45/233 248/60/248 247/59/247
f 234/47/234 235/46/235 250/61/250 249/62/249
f 235/46/235 236/48/236 251/63/251 250/61/250
f 236/48/236 237/49/237 252/64/252 251/63/251
f 237/49/237 238/50/238 253/65/253 252/64/252
f 238/50/238 239/51/239 254/66/254 253/65/253
f 239/51/239 240/52/240 255/67/255 254/66/254
f 240/52/240 241/53/241 256/68/256 255/67/255
f 241/53/241 242/54/242 257/69/257 256/68/256
f 242/54/242 243/55/243 258/70/258 257/69/257
f 243/55/243 244/56/244 259/71/259 258/70/258
f 244/56/244 245/57/245 260/72/260 259/71/259
f 245/57/245 246/58/246 261/73/261 260/72/260
f 246/58/246 247/59/247 262/74/262 261/73/261
f 247/59/247 248/60/248 263/75/263 262/74/262
f 249/62/249 250/61/250 265/76/265 264/77/264
f 250/61/250 251/63/251 266/78/266 265/76/265
f 251/63/251 252/64/252 267/79/267 266/78/266
f 252/64/252 253/65/253 268/80/268 267/79/267
f 253/65/253 254/66/254 269/81/269 268/80/268
f 254/66/254 255/67/255 270/82/270 269/81/269
f 255/67/255 256/68/256 271/83/271 270/82/270
f 256/68/256 257/69/257 272/84/272 271/83/271
f 257/69/257 258/70/258 273/85/273 272/84/272
f 258/70/258 259/71/259 274/86/274 273/85/273
f 259/71/259 260/72/260 275/87/275 274/86/274
f 260/72/260 261/73/261 276/88/276 275/87/275
f 261/73/261 262/74/262 277/89/277 276/88/276
f 262/74/262 263/75/263 278/90/278 277/89/277
f 264/77/264 265/76/265 280/91/280 279/92/279
f 265/76/265 266/78/266 281/93/281 280/91/280
f 266/78/266 267/79/267 282/94/282 281/93/281
f 267/79/267 268/80/268 283/95/283 282/94/282
f 268/80/268 269/81/269 284/96/284 283/95/283
f 269/81/269 270/82/270 285/97/285 284/96/284
f 270/82/270 271/83/271 286/98/286 285/97/285
f 271/83/271 272/84/272 287/99/287 286/98/286
f 272/84/272 273/85/273 288/100/288 287/99/287
f 273/85/273 274/86/274 289/101/289 288/100/288
f 274/86/274 275/87/275 290/102/290 289/101/289
f 275/87/275 276/88/276 291/103/291 290/102/290
f 276/88/276 277/89/277 292/104/292 291/103/291
f 277/89/277 278/90/278 293/105/293 292/104/292
f 279/92/279 280/91/280 295/106/295 294/107/294
f 280/91/280 281/93/281 296/108/296 295/106/295
f 281/93/281 282/94/282 297/109/297 296/108/296
f 282/94/282 283/95/283 298/110/298 297/109/297
f 283/95/283 284/96/284 299/111/299 298/110/298
f 284/96/284 285/97/285 300/112/300 299/111/299
f 285/97/285 286/98/286 301/113/301 300/112/300
f 286/98/286 287/99/287 302/114/302 301/113/301
f 287/99/287 288/100/288 303/115/303 302/114/302
f 288/100/288 289/101/289 304/116/304 303/115/303
f 289/101/289 290/102/290 305/117/305 304/116/304
f 290/102/290 291/103/291 306/118/306 305/117/305
f 291/103/291 292/104/292 307/119/307 306/118/306
f 292/104/292 293/105/293 308/120/308 307/119/307
f 294/121/294 295/122/295 310/123/310 309/124/309
f 295/122/295 296/125/296 311/126/311 310/123/310
f 296/125/296 297/127/297 312/128/312 311/126/311
f 297/127/297 298/129/298 313/130/313 312/128/312
f 298/129/298 299/131/299 314/132/314 313/130/313
f 299/131/299 300/133/300 315/134/315 314/132/314
f 300/133/300 301/135/301 316/136/316 315/134/315
f 301/135/301 302/137/302 317/138/317 316/136/316
f 302/137/302 303/139/303 318/140/318 317/138/317
f 303/139/303 304/141/304 319/142/319 318/140/318
f 304/141/304 305/143/305 320/144/320 319/142/319
f 305/143/305 306/145/306 321/146/321 320/144/320
f 306/145/306 307/147/307 322/148/322 321/146/321
f 307/147/307 308/149/308 323/150/323 322/148/322
f 309/124/309 310/123/310 325/151/325 324/152/324
f 310/123/310 311/126/311 326/153/326 325/151/325
f 311/126/311 312/128/312 327/154/327 326/153/326
f 312/128/312 313/130/313 328/155/328 327/154/327
f 313/130/313 314/132/314 329/156/329 328/155/328
f 314/132/314 315/134/315 330/157/330 329/156/329
f 315/134/315 316/136/316 331/158/331 330/157/330
f 316/136/316 317/138/317 332/159/332 331/158/331
f 317/138/317 318/140/318 333/160/333 332/159/332
f 318/140/318 319/142/319 334/161/334 333/160/333
f 319/142/319 320/144/320 335/162/335 334/161/334
f 320/144/320 321/146/321 336/163/336 335/162/335
f 321/146/321 322/148/322 337/164/337 336/163/336
f 322/148/322 323/150/323 338/165/338 337/164/337
f 324/152/324 325/151/325 340/166/340 339/167/339
f 325/151/325 326/153/326 341/168/341 340/166/340
f 326/153/326 327/154/327 342/169/342 341/168/341
f 327/154/327 328/155/328 343/170/343 342/169/342
f 328/155/328 329/156/329 344/171/344 343/170/343
f 329/156/329 330/157/330 345/172/345 344/171/344
f 330/157/330 331/158/331 346/173/346 345/172/345
f 331/158/331 332/159/332 347/174/347 346/173/346
f 332/159/332 333/160/333 348/175/348 347/174/347
f 333/160/333 334/161/334 349/176/349 348/175/348
f 334/161/334 335/162/335 350/177/350 349/176/349
f 335/162/335 336/163/336 351/178/351 350/177/350
f 336/163/336 337/164/337 352/179/352 351/178/351
f 337/164/337 338/165/338 353/180/353 352/179/352
f 339/167/339 340/166/340 355/181/355 354/182/354
f 340/166/340 341/168/341 356/183/356 355/181/355
f 341/168/341 342/169/342 357/184/357 356/183/356
f 342/169/342 343/170/343 358/185/358 357/184/357
f 343/170/343 344/171/344 359/186/359 358/185/358
f 344/171/344 345/172/345 360/187/360 359/186/359
f 345/172/345 346/173/346 361/188/361 360/187/360
f 346/173/346 347/174/347 362/189/362 361/188/361
f 347/174/347 348/175/348 363/190/363 362/189/362
f 348/175/348 349/176/349 364/191/364 363/190/363
f 349/176/349 350/177/350 365/192/365 364/191/364
f 350/177/350 351/178/351 366/193/366 365/192/365
f 351/178/351 352/179/352 367/194/367 366/193/366
f 352/179/352 353/180/353 368/195/368 367/194/367
f 354/182/354 355/181/355 370/196/370 369/197/369
f 355/181/355 356/183/356 371/198/371 370/196/370
f 356/183/356 357/184/357 372/199/372 371/198/371
f 357/184/357 358/185/358 373/200/373 372/199/372
f 358/185/358 359/186/359 374/201/374 373/200/373
f 359/186/359 360/187/360 375/202/375 374/201/374
f 360/187/360 361/188/361 376/203/376 375/202/375
f 361/188/361 362/189/362 377/204/377 376/203/376
f 362/189/362 363/190/363 378/205/378 377/204/377
f 363/190/363 364/191/364 379/206/379 378/205/378
f 364/191/364 365/192/365 380/207/380 379/206/379
f 365/192/365 366/193/366 381/208/381 380/207/380
f 366/193/366 367/194/367 382/209/382 381/208/381
f 367/194/367 368/195/368 383/210/383 382/209/382
f 369/197/369 370/196/370 385/211/385 384/212/384
f 370/196/370 371/198/371 386/213/386 385/211/385
f 371/198/371 372/199/372 387/214/387 386/213/386
f 372/199/372 373/200/373 388/215/388 387/214/387
f 373/200/373 374/201/374 389/216/389 388/215/388
f 374/201/374 375/202/375 390/217/390 389/216/389
f 375/202/375 376/203/376 391/218/391 390/217/390
f 376/203/376 377/204/377 392/219/392 391/218/391
f 377/204/377 378/205/378 393/220/393 392/219/392
f 378/205/378 379/206/379 394/221/394 393/220/393
f 379/206/379 380/207/380 395/222/395 394/221/394
f 380/207/380 381/208/381 396/223/396 395/222/395
f 381/208/381 382/209/382 397/224/397 396/223/396
f 382/209/382 383/210/383 398/225/398 397/224/397
f 384/212/384 385/211/385 400/226/400 399/227/399
f 385/211/385 386/213/386 401/228/401 400/226/400
f 386/213/386 387/214/387 402/229/402 401/228/401
f 387/214/387 388/215/388 403/230/403 402/229/402
f 388/215/388 389/216/389 404/231/404 403/230/403
f 389/216/389 390/217/390 405/232/405 404/231/404
f 390/217/390 391/218/391 406/233/406 405/232/405
f 391/218/391 392/219/392 407/234/407 406/233/406
f 392/219/392 393/220/393 408/235/408 407/234/407
f 393/220/393 394/221/394 409/236/409 408/235/408
f 394/221/394 395/222/395 410/237/410 409/236/409
f 395/222/395 396/223/396 411/238/411 410/237/410
f 396/223/396 397/224/397 412/239/412 411/238/411
f 397/224/397 398/225/398 413/240/413 412/239/412
f 1/241/1 173/242/173 189/1/189 114/243/114
f 173/242/173 172/244/172 190/2/190 189/1/189
f 172/244/172 171/245/171 191/5/191 190/2/190
f 171/245/171 170/246/170 192/7/192 191/5/191
f 170/246/170 169/247/169 193/9/193 192/7/192
f 169/247/169 168/248/168 194/11/194 193/9/193
f 168/248/168 167/249/167 195/13/195 194/11/194
f 167/249/167 166/250/166 196/15/196 195/13/195
f 166/250/166 165/251/165 197/17/197 196/15/196
f 165/251/165 164/252/164 198/19/198 197/17/197
f 164/252/164 163/253/163 199/21/199 198/19/198
f 163/253/163 162/254/162 200/23/200 199/21/199
f 162/254/162 161/255/161 201/25/201 200/23/200
f 161/255/161 160/256/160 202/27/202 201/25/201
f 160/256/160 159/257/159 203/29/203 202/27/202
f 159/257/159 5/258/5 158/259/158 203/29/203
f 203/29/203 158/259/158 157/260/157 218/30/218
f 218/30/218 157/260/157 156/261/156 233/45/233
f 233/45/233 156/261/156 155/262/155 248/60/248
f 248/60/248 155/262/155 154/263/154 263/75/263
f 263/75/263 154/263/154 153/264/153 278/90/278
f 278/90/278 153/264/153 152/265/152 293/105/293
f 293/105/293 152/265/152 151/266/151 308/120/308
f 308/149/308 151/267/151 150/268/150 323/150/323
f 323/150/323 150/268/150 149/269/149 338/165/338
f 338/165/338 149/269/149 148/270/148 353/180/353
f 353/180/353 148/270/148 147/271/147 368/195/368
f 368/195/368 147/271/147 146/272/146 383/210/383
f 383/210/383 146/272/146 145/273/145 398/225/398
f 398/225/398 145/273/145 144/274/144 413/240/413
f 413/240/413 144/274/144 7/275/7 113/276/113
f 412/239/412 413/240/413 113/276/113 112/277/112
f 411/238/411 412/239/412 112/277/112 111/278/111
f 410/237/410 411/238/411 111/278/111 110/279/110
f 409/236/409 410/237/410 110/279/110 109/280/109
f 408/235/408 409/236/409 109/280/109 108/281/108
f 407/234/407 408/235/408 108/281/108 107/282/107
f 406/233/406 407/234/407 107/282/107 106/283/106
f 405/232/405 406/233/406 106/283/106 105/284/105
f 404/231/404 405/232/405 105/284/105 104/285/104
f 403/230/403 404/231/404 104/285/104 103/286/103
f 402/229/402 403/230/403 103/286/103 102/287/102
f 401/228/401 402/229/402 102/287/102 101/288/101
f 400/226/400 401/228/401 101/288/101 100/289/100
f 399/227/399 400/226/400 100/289/100 99/290/99
f 128/291/128 399/227/399 99/290/99 3/292/3
f 127/293/127 384/212/384 399/227/399 128/291/128
f 126/294/126 369/197/369 384/212/384 127/293/127
f 125/295/125 354/182/354 369/197/369 126/294/126
f 124/296/124 339/167/339 354/182/354 125/295/125
f 123/297/123 324/152/324 339/167/339 124/296/124
f 122/298/122 309/124/309 324/152/324 123/297/123
f 121/299/121 294/121/294 309/124/309 122/298/122
f 120/300/120 279/92/279 294/107/294 121/301/121
f 119/302/119 264/77/264 279/92/279 120/300/120
f 118/303/118 249/62/249 264/77/264 119/302/119
f 117/304/117 234/47/234 249/62/249 118/303/118
f 116/305/116 219/32/219 234/47/234 117/304/117
f 115/306/115 204/4/204 219/32/219 116/305/116
f 114/243/114 189/1/189 204/4/204 115/306/115
f 414/307/414 415/308/415 430/309/430 429/310/429
f 415/308/415 416/311/416 431/312/431 430/309/430
f 416/311/416 417/313/417 432/314/432 431/312/431
f 417/313/417 418/315/418 433/316/433 432/314/432
f 418/315/418 419/317/419 434/318/434 433/316/433
f 419/317/419 420/319/420 435/320/435 434/318/434
f 420/319/420 421/321/421 436/322/436 435/320/435
f 421/323/421 422/324/422 437/325/437 436/326/436
f 422/324/422 423/327/423 438/328/438 437/325/437
f 423/327/423 424/329/424 439/330/439 438/328/438
f 424/329/424 425/331/425 440/332/440 439/330/439
f 425/331/425 426/333/426 441/334/441 440/332/440
f 426/333/426 427/335/427 442/336/442 441/334/441
f 427/335/427 428/337/428 443/338/443 442/336/442
f 429/310/429 430/309/430 445/339/445 444/340/444
f 430/309/430 431/312/431 446/341/446 445/339/445
f 431/312/431 432/314/432 447/342/447 446/341/446
f 432/314/432 433/316/433 448/343/448 447/342/447
f 433/316/433 434/318/434 449/344/449 448/343/448
f 434/318/434 435/320/435 450/345/450 449/344/449
f 435/320/435 436/322/436 451/346/451 450/345/450
f 436/326/436 437/325/437 452/347/452 451/348/451
f 437/325/437 438/328/438 453/349/453 452/347/452
f 438/328/438 439/330/439 454/350/454 453/349/453
f 439/330/439 440/332/440 455/351/455 454/350/454
f 440/332/440 441/334/441 456/352/456 455/351/455
f 441/334/441 442/336/442 457/353/457 456/352/456
f 442/336/442 443/338/443 458/354/458 457/353/457
f 444/340/444 445/339/445 460/355/460 459/356/459
f 445/339/445 446/341/446 461/357/461 460/355/460
f 446/341/446 447/342/447 462/358/462 461/357/461
f 447/342/447 448/343/448 463/359/463 462/358/462
f 448/343/448 449/344/449 464/360/464 463/359/463
f 449/344/449 450/345/450 465/361/465 464/360/464
f 450/345/450 451/346/451 466/362/466 465/361/465
f 451/348/451 452/347/452 467/363/467 466/364/466
f 452/347/452 453/349/453 468/365/468 467/363/467
f 453/349/453 454/350/454 469/366/469 468/365/468
f 454/350/454 455/351/455 470/367/470 469/366/469
f 455/351/455 456/352/456 471/368/471 470/367/470
f 456/352/456 457/353/457 472/369/472 471/368/471
f 457/353/457 458/354/458 473/370/473 472/369/472
f 459/356/459 460/355/460 475/371/475 474/372/474
f 460/355/460 461/357/461 476/373/476 475/371/475
f 461/357/461 462/358/462 477/374/477 476/373/476
f 462/358/462 463/359/463 478/375/478 477/374/477
f 463/359/463 464/360/464 479/376/479 478/375/478
f 464/360/464 465/361/465 480/377/480 479/376/479
f 465/361/465 466/362/466 481/378/481 480/377/480
f 466/364/466 467/363/467 482/379/482 481/380/481
f 467/363/467 468/365/468 483/381/483 482/379/482
f 468/365/468 469/366/469 484/382/484 483/381/483
f 469/366/469 470/367/470 485/383/485 484/382/484
f 470/367/470 471/368/471 486/384/486 485/383/485
f 471/368/471 472/369/472 487/385/487 486/384/486
f 472/369/472 473/370/473 488/386/488 487/385/487
f 474/372/474 475/371/475 490/387/490 489/388/489
f 475/371/475 476/373/476 491/389/491 490/387/490
f 476/373/476 477/374/477 492/390/492 491/389/491
f 477/374/477 478/375/478 493/391/493 492/390/492
f 478/375/478 479/376/479 494/392/494 493/391/493
f 479/376/479 480/377/480 495/393/495 494/392/494
f 480/377/480 481/378/481 496/394/496 495/393/495
f 481/380/481 482/379/482 497/395/497 496/396/496
f 482/379/482 483/381/483 498/397/498 497/395/497
f 483/381/483 484/382/484 499/398/499 498/397/498
f 484/382/484 485/383/485 500/399/500 499/398/499
f 485/383/485 486/384/486 501/400/501 500/399/500
f 486/384/486 487/385/487 502/401/502 501/400/501
f 487/385/487 488/386/488 503/402/503 502/401/502
f 489/388/489 490/387/490 505/403/505 504/404/504
f 490/387/490 491/389/491 506/405/506 505/403/505
f 491/389/491 492/390/492 507/406/507 506/405/506
f 492/390/492 493/391/493 508/407/508 507/406/507
f 493/391/493 494/392/494 509/408/509 508/407/508
f 494/392/494 495/393/495 510/409/510 509/408/509
f 495/393/495 496/394/496 511/410/511 510/409/510
f 496/396/496 497/395/497 512/411/512 511/412/511
f 497/395/497 498/397/498 513/413/513 512/411/512
f 498/397/498 499/398/499 514/414/514 513/413/513
f 499/398/499 500/399/500 515/415/515 514/414/514
f 500/399/500 501/400/501 516/416/516 515/415/515
f 501/400/501 502/401/502 517/417/517 516/416/516
f 502/401/502 503/402/503 518/418/518 517/417/517
f 504/404/504 505/403/505 520/419/520 519/420/519
f 505/403/505 506/405/506 521/421/521 520/419/520
f 506/405/506 507/406/507 522/422/522 521/421/521
f 507/406/507 508/407/508 523/423/523 522/422/522
f 508/407/508 509/408/509 524/424/524 523/423/523
f 509/408/509 510/409/510 525/425/525 524/424/524
f 510/409/510 511/410/511 526/426/526 525/425/525
f 511/412/511 512/411/512 527/427/527 526/428/526
f 512/411/512 513/413/513 528/429/528 527/427/527
f 513/413/513 514/414/514 529/430/529 528/429/528
f 514/414/514 515/415/515 530/431/530 529/430/529
f 515/415/515 516/416/516 531/432/531 530/431/530
f 516/416/516 517/417/517 532/433/532 531/432/531
f 517/417/517 518/418/518 533/434/533 532/433/532
f 519/420/519 520/419/520 535/435/535 534/436/534
f 520/419/520 521/421/521 536/437/536 535/435/535
f 521/421/521 522/422/522 537/438/537 536/437/536
f 522/422/522 523/423/523 538/439/538 537/438/537
f 523/423/523 524/424/524 539/440/539 538/439/538
f 524/424/524 525/425/525 540/441/540 539/440/539
f 525/425/525 526/426/526 541/442/541 540/441/540
f 526/428/526 527/427/527 542/443/542 541/444/541
f 527/427/527 528/429/528 543/445/543 542/443/542
f 528/429/528 529/430/529 544/446/544 543/445/543
f 529/430/529 530/431/530 545/447/545 544/446/544
f 530/431/530 531/432/531 546/448/546 545/447/545
f 531/432/531 532/433/532 547/449/547 546/448/546
f 532/433/532 533/434/533 548/450/548 547/449/547
f 534/436/534 535/435/535 550/451/550 549/452/549
f 535/435/535 536/437/536 551/453/551 550/451/550
f 536/437/536 537/438/537 552/454/552 551/453/551
f 537/438/537 538/439/538 553/455/553 552/454/552
f 538/439/538 539/440/539 554/456/554 553/455/553
f 539/440/539 540/441/540 555/457/555 554/456/554
f 540/441/540 541/442/541 556/458/556 555/457/555
f 541/444/541 542/443/542 557/459/557 556/460/556
f 542/443/542 543/445/543 558/461/558 557/459/557
f 543/445/543 544/446/544 559/462/559 558/461/558
f 544/446/544 545/447/545 560/463/560 559/462/559
f 545/447/545 546/448/546 561/464/561 560/463/560
f 546/448/546 547/449/547 562/465/562 561/464/561
f 547/449/547 548/450/548 563/466/563 562/465/562
f 549/452/549 550/451/550 565/467/565 564/468/564
f 550/451/550 551/453/551 566/469/566 565/467/565
f 551/453/551 552/454/552 567/470/567 566/469/566
f 552/454/552 553/455/553 568/471/568 567/470/567
f 553/455/553 554/456/554 569/472/569 568/471/568
f 554/456/554 555/457/555 570/473/570 569/472/569
f 555/457/555 556/458/556 571/474/571 570/473/570
f 556/460/556 557/459/557 572/475/572 571/476/571
f 557/459/557 558/461/558 573/477/573 572/475/572
f 558/461/558 559/462/559 574/478/574 573/477/573
f 559/462/559 560/463/560 575/479/575 574/478/574
f 560/463/560 561/464/561 576/480/576 575/479/575
f 561/464/561 562/465/562 577/481/577 576/480/576
f 562/465/562 563/466/563 578/482/578 577/481/577
f 564/468/564 565/467/565 580/483/580 579/484/579
f 565/467/565 566/469/566 581/485/581 580/483/580
f 566/469/566 567/470/567 582/486/582 581/485/581
f 567/470/567 568/471/568 583/487/583 582/486/582
f 568/471/568 569/472/569 584/488/584 583/487/583
f 569/472/569 570/473/570 585/489/585 584/488/584
f 570/473/570 571/474/571 586/490/586 585/489/585
f 571/476/571 572/475/572 587/491/587 586/492/586
f 572/475/572 573/477/573 588/493/588 587/491/587
f 573/477/573 574/478/574 589/494/589 588/493/588
f 574/478/574 575/479/575 590/495/590 589/494/589
f 575/479/575 576/480/576 591/496/591 590/495/590
f 576/480/576 577/481/577 592/497/592 591/496/591
f 577/481/577 578/482/578 593/498/593 592/497/592
f 579/484/579 580/483/580 595/499/595 594/500/594
f 580/483/580 581/485/581 596/501/596 595/499/595
f 581/485/581 582/486/582 597/502/597 596/501/596
f 582/486/582 583/487/583 598/503/598 597/502/597
f 583/487/583 584/488/584 599/504/599 598/503/598
f 584/488/584 585/489/585 600/505/600 599/504/599
f 585/489/585 586/490/586 601/506/601 600/505/600
f 586/492/586 587/491/587 602/507/602 601/508/601
f 587/491/587 588/493/588 603/509/603 602/507/602
f 588/493/588 589/494/589 604/510/604 603/509/603
f 589/494/589 590/495/590 605/511/605 604/510/604
f 590/495/590 591/496/591 606/512/606 605/511/605
f 591/496/591 592/497/592 607/513/607 606/512/606
f 592/497/592 593/498/593 608/514/608 607/513/607
f 594/500/594 595/499/595 610/515/610 609/516/609
f 595/499/595 596/501/596 611/517/611 610/515/610
f 596/501/596 597/502/597 612/518/612 611/517/611
f 597/502/597 598/503/598 613/519/613 612/518/612
f 598/503/598 599/504/599 614/520/614 613/519/613
f 599/504/599 600/505/600 615/521/615 614/520/614
f 600/505/600 601/506/601 616/522/616 615/521/615
f 601/508/601 602/507/602 617/523/617 616/524/616
f 602/507/602 603/509/603 618/525/618 617/523/617
f 603/509/603 604/510/604 619/526/619 618/525/618
f 604/510/604 605/511/605 620/527/620 619/526/619
f 605/511/605 606/512/606 621/528/621 620/527/620
f 606/512/606 607/513/607 622/529/622 621/528/621
f 607/513/607 608/514/608 623/530/623 622/529/622
f 609/516/609 610/515/610 625/531/625 624/532/624
f 610/515/610 611/517/611 626/533/626 625/531/625
f 611/517/611 612/518/612 627/534/627 626/533/626
f 612/518/612 613/519/613 628/535/628 627/534/627
f 613/519/613 614/520/614 629/536/629 628/535/628
f 614/520/614 615/521/615 630/537/630 629/536/629
f 615/521/615 616/522/616 631/538/631 630/537/630
f 616/524/616 617/523/617 632/539/632 631/540/631
f 617/523/617 618/525/618 633/541/633 632/539/632
f 618/525/618 619/526/619 634/542/634 633/541/633
f 619/526/619 620/527/620 635/543/635 634/542/634
f 620/527/620 621/528/621 636/544/636 635/543/635
f 621/528/621 622/529/622 637/545/637 636/544/636
f 622/529/622 623/530/623 638/546/638 637/545/637
f 4/547/4 83/548/83 414/307/414 143/549/143
f 83/548/83 82/550/82 415/308/415 414/307/414
f 82/550/82 81/551/81 416/311/416 415/308/415
f 81/551/81 80/552/80 417/313/417 416/311/416
f 80/552/80 79/553/79 418/315/418 417/313/417
f 79/553/79 78/554/78 419/317/419 418/315/418
f 78/554/78 77/555/77 420/319/420 419/317/419
f 77/555/77 76/556/76 421/321/421 420/319/420
f 76/557/76 75/558/75 422/324/422 421/323/421
f 75/558/75 74/559/74 423/327/423 422/324/422
f 74/559/74 73/560/73 424/329/424 423/327/423
f 73/560/73 72/561/72 425/331/425 424/329/424
f 72/561/72 71/562/71 426/333/426 425/331/425
f 71/562/71 70/563/70 427/335/427 426/333/426
f 70/563/70 69/564/69 428/337/428 427/335/427
f 69/564/69 3/292/3 99/290/99 428/337/428
f 428/337/428 99/290/99 100/289/100 443/338/443
f 443/338/443 100/289/100 101/288/101 458/354/458
f 458/354/458 101/288/101 102/287/102 473/370/473
f 473/370/473 102/287/102 103/286/103 488/386/488
f 488/386/488 103/286/103 104/285/104 503/402/503
f 503/402/503 104/285/104 105/284/105 518/418/518
f 518/418/518 105/284/105 106/283/106 533/434/533
f 533/434/533 106/283/106 107/282/107 548/450/548
f 548/450/548 107/282/107 108/281/108 563/466/563
f 563/466/563 108/281/108 109/280/109 578/482/578
f 578/482/578 109/280/109 110/279/110 593/498/593
f 593/498/593 110/279/110 111/278/111 608/514/608
f 608/514/608 111/278/111 112/277/112 623/530/623
f 623/530/623 112/277/112 113/276/113 638/546/638
f 638/546/638 113/276/113 7/275/7 68/565/68
f 637/545/637 638/546/638 68/565/68 67/566/67
f 636/544/636 637/545/637 67/566/67 66/567/66
f 635/543/635 636/544/636 66/567/66 65/568/65
f 634/542/634 635/543/635 65/568/65 64/569/64
f 633/541/633 634/542/634 64/569/64 63/570/63
f 632/539/632 633/541/633 63/570/63 62/571/62
f 631/540/631 632/539/632 62/571/62 61/572/61
f 630/537/630 631/538/631 61/573/61 60/574/60
f 629/536/629 630/537/630 60/574/60 59/575/59
f 628/535/628 629/536/629 59/575/59 58/576/58
f 627/534/627 628/535/628 58/576/58 57/577/57
f 626/533/626 627/534/627 57/577/57 56/578/56
f 625/531/625 626/533/626 56/578/56 55/579/55
f 624/532/624 625/531/625 55/579/55 54/580/54
f 129/581/129 624/532/624 54/580/54 8/582/8
f 130/583/130 609/516/609 624/532/624 129/581/129
f 131/584/131 594/500/594 609/516/609 130/583/130
f 132/585/132 579/484/579 594/500/594 131/584/131
f 133/586/133 564/468/564 579/484/579 132/585/132
f 134/587/134 549/452/549 564/468/564 133/586/133
f 135/588/135 534/436/534 549/452/549 134/587/134
f 136/589/136 519/420/519 534/436/534 135/588/135
f 137/590/137 504/404/504 519/420/519 136/589/136
f 138/591/138 489/388/489 504/404/504 137/590/137
f 139/592/139 474/372/474 489/388/489 138/591/138
f 140/593/140 459/356/459 474/372/474 139/592/139
f 141/594/141 444/340/444 459/356/459 140/593/140
f 142/595/142 429/310/429 444/340/444 141/594/141
f 143/549/143 414/307/414 429/310/429 142/595/142
f 639/596/639 640/597/640 655/598/655 654/599/654
f 640/597/640 641/600/641 656/601/656 655/598/655
f 641/600/641 642/602/642 657/603/657 656/601/656
f 642/602/642 643/604/643 658/605/658 657/603/657
f 643/604/643 644/606/644 659/607/659 658/605/658
f 644/606/644 645/608/645 660/609/660 659/607/659
f 645/608/645 646/610/646 661/611/661 660/609/660
f 646/612/646 647/613/647 662/614/662 661/615/661
f 647/613/647 648/616/648 663/617/663 662/614/662
f 648/616/648 649/618/649 664/619/664 663/617/663
f 649/618/649 650/620/650 665/621/665 664/619/664
f 650/620/650 651/622/651 666/623/666 665/621/665
f 651/622/651 652/624/652 667/625/667 666/623/666
f 652/624/652 653/626/653 668/627/668 667/625/667
f 654/599/654 655/598/655 670/628/670 669/629/669
f 655/598/655 656/601/656 671/630/671 670/628/670
f 656/601/656 657/603/657 672/631/672 671/630/671
f 657/603/657 658/605/658 673/632/673 672/631/672
f 658/605/658 659/607/659 674/633/674 673/632/673
f 659/607/659 660/609/660 675/634/675 674/633/674
f 660/609/660 661/611/661 676/635/676 675/634/675
f 661/615/661 662/614/662 677/636/677 676/637/676
f 662/614/662 663/617/663 678/638/678 677/636/677
f 663/617/663 664/619/664 679/639/679 678/638/678
f 664/619/664 665/621/665 680/640/680 679/639/679
f 665/621/665 666/623/666 681/641/681 680/640/680
f 666/623/666 667/625/667 682/642/682 681/641/681
f 667/625/667 668/627/668 683/643/683 682/642/682
f 669/629/669 670/628/670 685/644/685 684/645/684
f 670/628/670 671/630/671 686/646/686 685/644/685
f 671/630/671 672/631/672 687/647/687 686/646/686
f 672/631/672 673/632/673 688/648/688 687/647/687
f 673/632/673 674/633/674 689/649/689 688/648/688
f 674/633/674 675/634/675 690/650/690 689/649/689
f 675/634/675 676/635/676 691/651/691 690/650/690
f 676/637/676 677/636/677 692/652/692 691/653/691
f 677/636/677 678/638/678 693/654/693 692/652/692
f 678/638/678 679/639/679 694/655/694 693/654/693
f 679/639/679 680/640/680 695/656/695 694/655/694
f 680/640/680 681/641/681 696/657/696 695/656/695
f 681/641/681 682/642/682 697/658/697 696/657/696
f 682/642/682 683/643/683 698/659/698 697/658/697
f 684/645/684 685/644/685 700/660/700 699/661/699
f 685/644/685 686/646/686 701/662/701 700/660/700
f 686/646/686 687/647/687 702/663/702 701/662/701
f 687/647/687 688/648/688 703/664/703 702/663/702
f 688/648/688 689/649/689 704/665/704 703/664/703
f 689/649/689 690/650/690 705/666/705 704/665/704
f 690/650/690 691/651/691 706/667/706 705/666/705
f 691/653/691 692/652/692 707/668/707 706/669/706
f 692/652/692 693/654/693 708/670/708 707/668/707
f 693/654/693 694/655/694 709/671/709 708/670/708
f 694/655/694 695/656/695 710/672/710 709/671/709
f 695/656/695 696/657/696 711/673/711 710/672/710
f 696/657/696 697/658/697 712/674/712 711/673/711
f 697/658/697 698/659/698 713/675/713 712/674/712
f 699/661/699 700/660/700 715/676/715 714/677/714
f 700/660/700 701/662/701 716/678/716 715/676/715
f 701/662/701 702/663/702 717/679/717 716/678/716
f 702/663/702 703/664/703 718/680/718 717/679/717
f 703/664/703 704/665/704 719/681/719 718/680/718
f 704/665/704 705/666/705 720/682/720 719/681/719
f 705/666/705 706/667/706 721/683/721 720/682/720
f 706/669/706 707/668/707 722/684/722 721/685/721
f 707/668/707 708/670/708 723/686/723 722/684/722
f 708/670/708 709/671/709 724/687/724 723/686/723
f 709/671/709 710/672/710 725/688/725 724/687/724
f 710/672/710 711/673/711 726/689/726 725/688/725
f 711/673/711 712/674/712 727/690/727 726/689/726
f 712/674/712 713/675/713 728/691/728 727/690/727
f 714/677/714 715/676/715 730/692/730 729/693/729
f 715/676/715 716/678/716 731/694/731 730/692/730
f 716/678/716 717/679/717 732/695/732 731/694/731
f 717/679/717 718/680/718 733/696/733 732/695/732
f 718/680/718 719/681/719 734/697/734 733/696/733
f 719/681/719 720/682/720 735/698/735 734/697/734
f 720/682/720 721/683/721 736/699/736 735/698/735
f 721/685/721 722/684/722 737/700/737 736/701/736
f 722/684/722 723/686/723 738/702/738 737/700/737
f 723/686/723 724/687/724 739/703/739 738/702/738
f 724/687/724 725/688/725 740/704/740 739/703/739
f 725/688/725 726/689/726 741/705/741 740/704/740
f 726/689/726 727/690/727 742/706/742 741/705/741
f 727/690/727 728/691/728 743/707/743 742/706/742
f 729/693/729 730/692/730 745/708/745 744/709/744
f 730/692/730 731/694/731 746/710/746 745/708/745
f 731/694/731 732/695/732 747/711/747 746/710/746
f 732/695/732 733/696/733 748/712/748 747/711/747
f 733/696/733 734/697/734 749/713/749 748/712/748
f 734/697/734 735/698/735 750/714/750 749/713/749
f 735/698/735 736/699/736 751/715/751 750/714/750
f 736/701/736 737/700/737 752/716/752 751/717/751
f 737/700/737 738/702/738 753/718/753 752/716/752
f 738/702/738 739/703/739 754/719/754 753/718/753
f 739/703/739 740/704/740 755/720/755 754/719/754
f 740/704/740 741/705/741 756/721/756 755/720/755
f 741/705/741 742/706/742 757/722/757 756/721/756
f 742/706/742 743/707/743 758/723/758 757/722/757
f 744/724/744 745/725/745 760/726/760 759/727/759
f 745/725/745 746/728/746 761/729/761 760/726/760
f 746/728/746 747/730/747 762/731/762 761/729/761
f 747/730/747 748/732/748 763/733/763 762/731/762
f 748/732/748 749/734/749 764/735/764 763/733/763
f 749/734/749 750/736/750 765/737/765 764/735/764
f 750/736/750 751/738/751 766/739/766 765/737/765
f 751/740/751 752/741/752 767/742/767 766/743/766
f 752/741/752 753/744/753 768/745/768 767/742/767
f 753/744/753 754/746/754 769/747/769 768/745/768
f 754/746/754 755/748/755 770/749/770 769/747/769
f 755/748/755 756/750/756 771/751/771 770/749/770
f 756/750/756 757/752/757 772/753/772 771/751/771
f 757/752/757 758/754/758 773/755/773 772/753/772
f 759/727/759 760/726/760 775/756/775 774/757/774
f 760/726/760 761/729/761 776/758/776 775/756/775
f 761/729/761 762/731/762 777/759/777 776/758/776
f 762/731/762 763/733/763 778/760/778 777/759/777
f 763/733/763 764/735/764 779/761/779 778/760/778
f 764/735/764 765/737/765 780/762/780 779/761/779
f 765/737/765 766/739/766 781/763/781 780/762/780
f 766/743/766 767/742/767 782/764/782 781/765/781
f 767/742/767 768/745/768 783/766/783 782/764/782
f 768/745/768 769/747/769 784/767/784 783/766/783
f 769/747/769 770/749/770 785/768/785 784/767/784
f 770/749/770 771/751/771 786/769/786 785/768/785
f 771/751/771 772/753/772 787/770/787 786/769/786
f 772/753/772 773/755/773 788/771/788 787/770/787
f 774/757/774 775/756/775 790/772/790 789/773/789
f 775/756/775 776/758/776 791/774/791 790/772/790
f 776/758/776 777/759/777 792/775/792 791/774/791
f 777/759/777 778/760/778 793/776/793 792/775/792
f 778/760/778 779/761/779 794/777/794 793/776/793
f 779/761/779 780/762/780 795/778/795 794/777/794
f 780/762/780 781/763/781 796/779/796 795/778/795
f 781/765/781 782/764/782 797/780/797 796/781/796
f 782/764/782 783/766/783 798/782/798 797/780/797
f 783/766/783 784/767/784 799/783/799 798/782/798
f 784/767/784 785/768/785 800/784/800 799/783/799
f 785/768/785 786/769/786 801/785/801 800/784/800
f 786/769/786 787/770/787 802/786/802 801/785/801
f 787/770/787 788/771/788 803/787/803 802/786/802
f 789/773/789 790/772/790 805/788/805 804/789/804
f 790/772/790 791/774/791 806/790/806 805/788/805
f 791/774/791 792/775/792 807/791/807 806/790/806
f 792/775/792 793/776/793 808/792/808 807/791/807
f 793/776/793 794/777/794 809/793/809 808/792/808
f 794/777/794 795/778/795 810/794/810 809/793/809
f 795/778/795 796/779/796 811/795/811 810/794/810
f 796/781/796 797/780/797 812/796/812 811/797/811
f 797/780/797 798/782/798 813/798/813 812/796/812
f 798/782/798 799/783/799 814/799/814 813/798/813
f 799/783/799 800/784/800 815/800/815 814/799/814
f 800/784/800 801/785/801 816/801/816 815/800/815
f 801/785/801 802/786/802 817/802/817 816/801/816
f 802/786/802 803/787/803 818/803/818 817/802/817
f 804/789/804 805/788/805 820/804/820 819/805/819
f 805/788/805 806/790/806 821/806/821 820/804/820
f 806/790/806 807/791/807 822/807/822 821/806/821
f 807/791/807 808/792/808 823/808/823 822/807/822
f 808/792/808 809/793/809 824/809/824 823/808/823
f 809/793/809 810/794/810 825/810/825 824/809/824
f 810/794/810 811/795/811 826/811/826 825/810/825
f 811/797/811 812/796/812 827/812/827 826/813/826
f 812/796/812 813/798/813 828/814/828 827/812/827
f 813/798/813 814/799/814 829/815/829 828/814/828
f 814/799/814 815/800/815 830/816/830 829/815/829
f 815/800/815 816/801/816 831/817/831 830/816/830
f 816/801/816 817/802/817 832/818/832 831/817/831
f 817/802/817 818/803/818 833/819/833 832/818/832
f 819/805/819 820/804/820 835/820/835 834/821/834
f 820/804/820 821/806/821 836/822/836 835/820/835
f 821/806/821 822/807/822 837/823/837 836/822/836
f 822/807/822 823/808/823 838/824/838 837/823/837
f 823/808/823 824/809/824 839/825/839 838/824/838
f 824/809/824 825/810/825 840/826/840 839/825/839
f 825/810/825 826/811/826 841/827/841 840/826/840
f 826/813/826 827/812/827 842/828/842 841/829/841
f 827/812/827 828/814/828 843/830/843 842/828/842
f 828/814/828 829/815/829 844/831/844 843/830/843
f 829/815/829 830/816/830 845/832/845 844/831/844
f 830/816/830 831/817/831 846/833/846 845/832/845
f 831/817/831 832/818/832 847/834/847 846/833/846
f 832/818/832 833/819/833 848/835/848 847/834/847
f 834/821/834 835/820/835 850/836/850 849/837/849
f 835/820/835 836/822/836 851/838/851 850/836/850
f 836/822/836 837/823/837 852/839/852 851/838/851
f 837/823/837 838/824/838 853/840/853 852/839/852
f 838/824/838 839/825/839 854/841/854 853/840/853
f 839/825/839 840/826/840 855/842/855 854/841/854
f 840/826/840 841/827/841 856/843/856 855/842/855
f 841/829/841 842/828/842 857/844/857 856/845/856
f 842/828/842 843/830/843 858/846/858 857/844/857
f 843/830/843 844/831/844 859/847/859 858/846/858
f 844/831/844 845/832/845 860/848/860 859/847/859
f 845/832/845 846/833/846 861/849/861 860/848/860
f 846/833/846 847/834/847 862/850/862 861/849/861
f 847/834/847 848/835/848 863/851/863 862/850/862
f 8/582/8 54/580/54 639/596/639 23/852/23
f 54/580/54 55/579/55 640/597/640 639/596/639
f 55/579/55 56/578/56 641/600/641 640/597/640
f 56/578/56 57/577/57 642/602/642 641/600/641
f 57/577/57 58/576/58 643/604/643 642/602/642
f 58/576/58 59/575/59 644/606/644 643/604/643
f 59/575/59 60/574/60 645/608/645 644/606/644
f 60/574/60 61/573/61 646/610/646 645/608/645
f 61/572/61 62/571/62 647/613/647 646/612/646
f 62/571/62 63/570/63 648/616/648 647/613/647
f 63/570/63 64/569/64 649/618/649 648/616/648
f 64/569/64 65/568/65 650/620/650 649/618/649
f 65/568/65 66/567/66 651/622/651 650/620/650
f 66/567/66 67/566/67 652/624/652 651/622/651
f 67/566/67 68/565/68 653/626/653 652/624/652
f 68/565/68 7/275/7 144/274/144 653/626/653
f 653/626/653 144/274/144 145/273/145 668/627/668
f 668/627/668 145/273/145 146/272/146 683/643/683
f 683/643/683 146/272/146 147/271/147 698/659/698
f 698/659/698 147/271/147 148/270/148 713/675/713
f 713/675/713 148/270/148 149/269/149 728/691/728
f 728/691/728 149/269/149 150/268/150 743/707/743
f 743/707/743 150/268/150 151/267/151 758/723/758
f 758/754/758 151/266/151 152/265/152 773/755/773
f 773/755/773 152/265/152 153/264/153 788/771/788
f 788/771/788 153/264/153 154/263/154 803/787/803
f 803/787/803 154/263/154 155/262/155 818/803/818
f 818/803/818 155/262/155 156/261/156 833/819/833
f 833/819/833 156/261/156 157/260/157 848/835/848
f 848/835/848 157/260/157 158/259/158 863/851/863
f 863/851/863 158/259/158 5/258/5 84/853/84
f 862/850/862 863/851/863 84/853/84 85/854/85
f 861/849/861 862/850/862 85/854/85 86/855/86
f 860/848/860 861/849/861 86/855/86 87/856/87
f 859/847/859 860/848/860 87/856/87 88/857/88
f 858/846/858 859/847/859 88/857/88 89/858/89
f 857/844/857 858/846/858 89/858/89 90/859/90
f 856/845/856 857/844/857 90/859/90 91/860/91
f 855/842/855 856/843/856 91/861/91 92/862/92
f 854/841/854 855/842/855 92/862/92 93/863/93
f 853/840/853 854/841/854 93/863/93 94/864/94
f 852/839/852 853/840/853 94/864/94 95/865/95
f 851/838/851 852/839/852 95/865/95 96/866/96
f 850/836/850 851/838/851 96/866/96 97/867/97
f 849/837/849 850/836/850 97/867/97 98/868/98
f 9/869/9 849/837/849 98/868/98 6/870/6
f 10/871/10 834/821/834 849/837/849 9/869/9
f 11/872/11 819/805/819 834/821/834 10/871/10
f 12/873/12 804/789/804 819/805/819 11/872/11
f 13/874/13 789/773/789 804/789/804 12/873/12
f 14/875/14 774/757/774 789/773/789 13/874/13
f 15/876/15 759/727/759 774/757/774 14/875/14
f 16/877/16 744/724/744 759/727/759 15/876/15
f 17/878/17 729/693/729 744/709/744 16/879/16
f 18/880/18 714/677/714 729/693/729 17/878/17
f 19/881/19 699/661/699 714/677/714 18/880/18
f 20/882/20 684/645/684 699/661/699 19/881/19
f 21/883/21 669/629/669 684/645/684 20/882/20
f 22/884/22 654/599/654 669/629/669 21/883/21
f 23/852/23 639/596/639 654/599/654 22/884/22
f 864/885/864 865/886/865 880/887/880 879/888/879
f 865/886/865 866/889/866 881/890/881 880/887/880
f 866/889/866 867/891/867 882/892/882 881/890/881
f 867/891/867 868/893/868 883/894/883 882/892/882
f 868/893/868 869/895/869 884/896/884 883/894/883
f 869/895/869 870/897/870 885/898/885 884/896/884
f 870/897/870 871/899/871 886/900/886 885/898/885
f 871/899/871 872/901/872 887/902/887 886/900/886
f 872/901/872 873/903/873 888/904/888 887/902/887
f 873/903/873 874/905/874 889/906/889 888/904/888
f 874/905/874 875/907/875 890/908/890 889/906/889
f 875/907/875 876/909/876 891/910/891 890/908/890
f 876/909/876 877/911/877 892/912/892 891/910/891
f 877/911/877 878/913/878 893/914/893 892/912/892
f 879/888/879 880/887/880 895/915/895 894/916/894
f 880/887/880 881/890/881 896/917/896 895/915/895
f 881/890/881 882/892/882 897/918/897 896/917/896
f 882/892/882 883/894/883 898/919/898 897/918/897
f 883/894/883 884/896/884 899/920/899 898/919/898
f 884/896/884 885/898/885 900/921/900 899/920/899
f 885/898/885 886/900/886 901/922/901 900/921/900
f 886/900/886 887/902/887 902/923/902 901/922/901
f 887/902/887 888/904/888 903/924/903 902/923/902
f 888/904/888 889/906/889 904/925/904 903/924/903
f 889/906/889 890/908/890 905/926/905 904/925/904
f 890/908/890 891/910/891 906/927/906 905/926/905
f 891/910/891 892/912/892 907/928/907 906/927/906
f 892/912/892 893/914/893 908/929/908 907/928/907
f 894/916/894 895/915/895 910/930/910 909/931/909
f 895/915/895 896/917/896 911/932/911 910/930/910
f 896/917/896 897/918/897 912/933/912 911/932/911
f 897/918/897 898/919/898 913/934/913 912/933/912
f 898/919/898 899/920/899 914/935/914 913/934/913
f 899/920/899 900/921/900 915/936/915 914/935/914
f 900/921/900 901/922/901 916/937/916 915/936/915
f 901/922/901 902/923/902 917/938/917 916/937/916
f 902/923/902 903/924/903 918/939/918 917/938/917
f 903/924/903 904/925/904 919/940/919 918/939/918
f 904/925/904 905/926/905 920/941/920 919/940/919
f 905/926/905 906/927/906 921/942/921 920/941/920
f 906/927/906 907/928/907 922/943/922 921/942/921
f 907/928/907 908/929/908 923/944/923 922/943/922
f 909/931/909 910/930/910 925/945/925 924/946/924
f 910/930/910 911/932/911 926/947/926 925/945/925
f 911/932/911 912/933/912 927/948/927 926/947/926
f 912/933/912 913/934/913 928/949/928 927/948/927
f 913/934/913 914/935/914 929/950/929 928/949/928
f 914/935/914 915/936/915 930/951/930 929/950/929
f 915/936/915 916/937/916 931/952/931 930/951/930
f 916/937/916 917/938/917 932/953/932 931/952/931
f 917/938/917 918/939/918 933/954/933 932/953/932
f 918/939/918 919/940/919 934/955/934 933/954/933
f 919/940/919 920/941/920 935/956/935 934/955/934
f 920/941/920 921/942/921 936/957/936 935/956/935
f 921/942/921 922/943/922 937/958/937 936/957/936
f 922/943/922 923/944/923 938/959/938 937/958/937
f 924/946/924 925/945/925 940/960/940 939/961/939
f 925/945/925 926/947/926 941/962/941 940/960/940
f 926/947/926 927/948/927 942/963/942 941/962/941
f 927/948/927 928/949/928 943/964/943 942/963/942
f 928/949/928 929/950/929 944/965/944 943/964/943
f 929/950/929 930/951/930 945/966/945 944/965/944
f 930/951/930 931/952/931 946/967/946 945/966/945
f 931/952/931 932/953/932 947/968/947 946/967/946
f 932/953/932 933/954/933 948/969/948 947/968/947
f 933/954/933 934/955/934 949/970/949 948/969/948
f 934/955/934 935/956/935 950/971/950 949/970/949
f 935/956/935 936/957/936 951/972/951 950/971/950
f 936/957/936 937/958/937 952/973/952 951/972/951
f 937/958/937 938/959/938 953/974/953 952/973/952
f 939/961/939 940/960/940 955/975/955 954/976/954
f 940/960/940 941/962/941 956/977/956 955/975/955
f 941/962/941 942/963/942 957/978/957 956/977/956
f 942/963/942 943/964/943 958/979/958 957/978/957
f 943/964/943 944/965/944 959/980/959 958/979/958
f 944/965/944 945/966/945 960/981/960 959/980/959
f 945/966/945 946/967/946 961/982/961 960/981/960
f 946/967/946 947/968/947 962/983/962 961/982/961
f 947/968/947 948/969/948 963/984/963 962/983/962
f 948/969/948 949/970/949 964/985/964 963/984/963
f 949/970/949 950/971/950 965/986/965 964/985/964
f 950/971/950 951/972/951 966/987/966 965/986/965
f 951/972/951 952/973/952 967/988/967 966/987/966
f 952/973/952 953/974/953 968/989/968 967/988/967
f 954/976/954 955/975/955 970/990/970 969/991/969
f 955/975/955 956/977/956 971/992/971 970/990/970
f 956/977/956 957/978/957 972/993/972 971/992/971
f 957/978/957 958/979/958 973/994/973 972/993/972
f 958/979/958 959/980/959 974/995/974 973/994/973
f 959/980/959 960/981/960 975/996/975 974/995/974
f 960/981/960 961/982/961 976/997/976 975/996/975
f 961/982/961 962/983/962 977/998/977 976/997/976
f 962/983/962 963/984/963 978/999/978 977/998/977
f 963/984/963 964/985/964 979/1000/979 978/999/978
f 964/985/964 965/986/965 980/1001/980 979/1000/979
f 965/986/965 966/987/966 981/1002/981 980/1001/980
f 966/987/966 967/988/967 982/1003/982 981/1002/981
f 967/988/967 968/989/968 983/1004/983 982/1003/982
f 969/1005/969 970/1006/970 985/1007/985 984/1008/984
f 970/1006/970 971/1009/971 986/1010/986 985/1007/985
f 971/1009/971 972/1011/972 987/1012/987 986/1010/986
f 972/1011/972 973/1013/973 988/1014/988 987/1012/987
f 973/1013/973 974/1015/974 989/1016/989 988/1014/988
f 974/1015/974 975/1017/975 990/1018/990 989/1016/989
f 975/1017/975 976/1019/976 991/1020/991 990/1018/990
f 976/1019/976 977/1021/977 992/1022/992 991/1020/991
f 977/1021/977 978/1023/978 993/1024/993 992/1022/992
f 978/1023/978 979/1025/979 994/1026/994 993/1024/993
f 979/1025/979 980/1027/980 995/1028/995 994/1026/994
f 980/1027/980 981/1029/981 996/1030/996 995/1028/995
f 981/1029/981 982/1031/982 997/1032/997 996/1030/996
f 982/1031/982 983/1033/983 998/1034/998 997/1032/997
f 984/1008/984 985/1007/985 1000/1035/1000 999/1036/999
f 985/1007/985 986/1010/986 1001/1037/1001 1000/1035/1000
f 986/1010/986 987/1012/987 1002/1038/1002 1001/1037/1001
f 987/1012/987 988/1014/988 1003/1039/1003 1002/1038/1002
f 988/1014/988 989/1016/989 1004/1040/1004 1003/1039/1003
f 989/1016/989 990/1018/990 1005/1041/1005 1004/1040/1004
f 990/1018/990 991/1020/991 1006/1042/1006 1005/1041/1005
f 991/1020/991 992/1022/992 1007/1043/1007 1006/1042/1006
f 992/1022/992 993/1024/993 1008/1044/1008 1007/1043/1007
f 993/1024/993 994/1026/994 1009/1045/1009 1008/1044/1008
f 994/1026/994 995/1028/995 1010/1046/1010 1009/1045/1009
f 995/1028/995 996/1030/996 1011/1047/1011 1010/1046/1010
f 996/1030/996 997/1032/997 1012/1048/1012 1011/1047/1011
f 997/1032/997 998/1034/998 1013/1049/1013 1012/1048/1012
f 999/1036/999 1000/1035/1000 1015/1050/1015 1014/1051/1014
f 1000/1035/1000 1001/1037/1001 1016/1052/1016 1015/1050/1015
f 1001/1037/1001 1002/1038/1002 1017/1053/1017 1016/1052/1016
f 1002/1038/1002 1003/1039/1003 1018/1054/1018 1017/1053/1017
f 1003/1039/1003 1004/1040/1004 1019/1055/1019 1018/1054/1018
f 1004/1040/1004 1005/1041/1005 1020/1056/1020 1019/1055/1019
f 1005/1041/1005 1006/1042/1006 1021/1057/1021 1020/1056/1020
f 1006/1042/1006 1007/1043/1007 1022/1058/1022 1021/1057/1021
f 1007/1043/1007 1008/1044/1008 1023/1059/1023 1022/1058/1022
f 1008/1044/1008 1009/1045/1009 1024/1060/1024 1023/1059/1023
f 1009/1045/1009 1010/1046/1010 1025/1061/1025 1024/1060/1024
f 1010/1046/1010 1011/1047/1011 1026/1062/1026 1025/1061/1025
f 1011/1047/1011 1012/1048/1012 1027/1063/1027 1026/1062/1026
f 1012/1048/1012 1013/1049/1013 1028/1064/1028 1027/1063/1027
f 1014/1051/1014 1015/1050/1015 1030/1065/1030 1029/1066/1029
f 1015/1050/1015 1016/1052/1016 1031/1067/1031 1030/1065/1030
f 1016/1052/1016 1017/1053/1017 1032/1068/1032 1031/1067/1031
f 1017/1053/1017 1018/1054/1018 1033/1069/1033 1032/1068/1032
f 1018/1054/1018 1019/1055/1019 1034/1070/1034 1033/1069/1033
f 1019/1055/1019 1020/1056/1020 1035/1071/1035 1034/1070/1034
f 1020/1056/1020 1021/1057/1021 1036/1072/1036 1035/1071/1035
f 1021/1057/1021 1022/1058/1022 1037/1073/1037 1036/1072/1036
f 1022/1058/1022 1023/1059/1023 1038/1074/1038 1037/1073/1037
f 1023/1059/1023 1024/1060/1024 1039/1075/1039 1038/1074/1038
f 1024/1060/1024 1025/1061/1025 1040/1076/1040 1039/1075/1039
f 1025/1061/1025 1026/1062/1026 1041/1077/1041 1040/1076/1040
f 1026/1062/1026 1027/1063/1027 1042/1078/1042 1041/1077/1041
f 1027/1063/1027 1028/1064/1028 1043/1079/1043 1042/1078/1042
f 1029/1066/1029 1030/1065/1030 1045/1080/1045 1044/1081/1044
f 1030/1065/1030 1031/1067/1031 1046/1082/1046 1045/1080/1045
f 1031/1067/1031 1032/1068/1032 1047/1083/1047 1046/1082/1046
f 1032/1068/1032 1033/1069/1033 1048/1084/1048 1047/1083/1047
f 1033/1069/1033 1034/1070/1034 1049/1085/1049 1048/1084/1048
f 1034/1070/1034 1035/1071/1035 1050/1086/1050 1049/1085/1049
f 1035/1071/1035 1036/1072/1036 1051/1087/1051 1050/1086/1050
f 1036/1072/1036 1037/1073/1037 1052/1088/1052 1051/1087/1051
f 1037/1073/1037 1038/1074/1038 1053/1089/1053 1052/1088/1052
f 1038/1074/1038 1039/1075/1039 1054/1090/1054 1053/1089/1053
f 1039/1075/1039 1040/1076/1040 1055/1091/1055 1054/1090/1054
f 1040/1076/1040 1041/1077/1041 1056/1092/1056 1055/1091/1055
f 1041/1077/1041 1042/1078/1042 1057/1093/1057 1056/1092/1056
f 1042/1078/1042 1043/1079/1043 1058/1094/1058 1057/1093/1057
f 1044/1081/1044 1045/1080/1045 1060/1095/1060 1059/1096/1059
f 1045/1080/1045 1046/1082/1046 1061/1097/1061 1060/1095/1060
f 1046/1082/1046 1047/1083/1047 1062/1098/1062 1061/1097/1061
f 1047/1083/1047 1048/1084/1048 1063/1099/1063 1062/1098/1062
f 1048/1084/1048 1049/1085/1049 1064/1100/1064 1063/1099/1063
f 1049/1085/1049 1050/1086/1050 1065/1101/1065 1064/1100/1064
f 1050/1086/1050 1051/1087/1051 1066/1102/1066 1065/1101/1065
f 1051/1087/1051 1052/1088/1052 1067/1103/1067 1066/1102/1066
f 1052/1088/1052 1053/1089/1053 1068/1104/1068 1067/1103/1067
f 1053/1089/1053 1054/1090/1054 1069/1105/1069 1068/1104/1068
f 1054/1090/1054 1055/1091/1055 1070/1106/1070 1069/1105/1069
f 1055/1091/1055 1056/1092/1056 1071/1107/1071 1070/1106/1070
f 1056/1092/1056 1057/1093/1057 1072/1108/1072 1071/1107/1071
f 1057/1093/1057 1058/1094/1058 1073/1109/1073 1072/1108/1072
f 1059/1096/1059 1060/1095/1060 1075/1110/1075 1074/1111/1074
f 1060/1095/1060 1061/1097/1061 1076/1112/1076 1075/1110/1075
f 1061/1097/1061 1062/1098/1062 1077/1113/1077 1076/1112/1076
f 1062/1098/1062 1063/1099/1063 1078/1114/1078 1077/1113/1077
f 1063/1099/1063 1064/1100/1064 1079/1115/1079 1078/1114/1078
f 1064/1100/1064 1065/1101/1065 1080/1116/1080 1079/1115/1079
f 1065/1101/1065 1066/1102/1066 1081/1117/1081 1080/1116/1080
f 1066/1102/1066 1067/1103/1067 1082/1118/1082 1081/1117/1081
f 1067/1103/1067 1068/1104/1068 1083/1119/1083 1082/1118/1082
f 1068/1104/1068 1069/1105/1069 1084/1120/1084 1083/1119/1083
f 1069/1105/1069 1070/1106/1070 1085/1121/1085 1084/1120/1084
f 1070/1106/1070 1071/1107/1071 1086/1122/1086 1085/1121/1085
f 1071/1107/1071 1072/1108/1072 1087/1123/1087 1086/1122/1086
f 1072/1108/1072 1073/1109/1073 1088/1124/1088 1087/1123/1087
f 6/870/6 38/1125/38 864/885/864 9/869/9
f 38/1125/38 37/1126/37 865/886/865 864/885/864
f 37/1126/37 36/1127/36 866/889/866 865/886/865
f 36/1127/36 35/1128/35 867/891/867 866/889/866
f 35/1128/35 34/1129/34 868/893/868 867/891/867
f 34/1129/34 33/1130/33 869/895/869 868/893/868
f 33/1130/33 32/1131/32 870/897/870 869/895/869
f 32/1131/32 31/1132/31 871/899/871 870/897/870
f 31/1132/31 30/1133/30 872/901/872 871/899/871
f 30/1133/30 29/1134/29 873/903/873 872/901/872
f 29/1134/29 28/1135/28 874/905/874 873/903/873
f 28/1135/28 27/1136/27 875/907/875 874/905/874
f 27/1136/27 26/1137/26 876/909/876 875/907/875
f 26/1137/26 25/1138/25 877/911/877 876/909/876
f 25/1138/25 24/1139/24 878/913/878 877/911/877
f 24/1139/24 2/1140/2 188/1141/188 878/913/878
f 878/913/878 188/1141/188 187/1142/187 893/914/893
f 893/914/893 187/1142/187 186/1143/186 908/929/908
f 908/929/908 186/1143/186 185/1144/185 923/944/923
f 923/944/923 185/1144/185 184/1145/184 938/959/938
f 938/959/938 184/1145/184 183/1146/183 953/974/953
f 953/974/953 183/1146/183 182/1147/182 968/989/968
f 968/989/968 182/1147/182 181/1148/181 983/1004/983
f 983/1033/983 181/1149/181 180/1150/180 998/1034/998
f 998/1034/998 180/1150/180 179/1151/179 1013/1049/1013
f 1013/1049/1013 179/1151/179 178/1152/178 1028/1064/1028
f 1028/1064/1028 178/1152/178 177/1153/177 1043/1079/1043
f 1043/1079/1043 177/1153/177 176/1154/176 1058/1094/1058
f 1058/1094/1058 176/1154/176 175/1155/175 1073/1109/1073
f 1073/1109/1073 175/1155/175 174/1156/174 1088/1124/1088
f 1088/1124/1088 174/1156/174 4/547/4 143/549/143
f 1087/1123/1087 1088/1124/1088 143/549/143 142/595/142
f 1086/1122/1086 1087/1123/1087 142/595/142 141/594/141
f 1085/1121/1085 1086/1122/1086 141/594/141 140/593/140
f 1084/1120/1084 1085/1121/1085 140/593/140 139/592/139
f 1083/1119/1083 1084/1120/1084 139/592/139 138/591/138
f 1082/1118/1082 1083/1119/1083 138/591/138 137/590/137
f 1081/1117/1081 1082/1118/1082 137/590/137 136/589/136
f 1080/1116/1080 1081/1117/1081 136/589/136 135/588/135
f 1079/1115/1079 1080/1116/1080 135/588/135 134/587/134
f 1078/1114/1078 1079/1115/1079 134/587/134 133/586/133
f 1077/1113/1077 1078/1114/1078 133/586/133 132/585/132
f 1076/1112/1076 1077/1113/1077 132/585/132 131/584/131
f 1075/1110/1075 1076/1112/1076 131/584/131 130/583/130
f 1074/1111/1074 1075/1110/1075 130/583/130 129/581/129
f 23/852/23 1074/1111/1074 129/581/129 8/582/8
f 22/884/22 1059/1096/1059 1074/1111/1074 23/852/23
f 21/883/21 1044/1081/1044 1059/1096/1059 22/884/22
f 20/882/20 1029/1066/1029 1044/1081/1044 21/883/21
f 19/881/19 1014/1051/1014 1029/1066/1029 20/882/20
f 18/880/18 999/1036/999 1014/1051/1014 19/881/19
f 17/878/17 984/1008/984 999/1036/999 18/880/18
f 16/879/16 969/1005/969 984/1008/984 17/878/17
f 15/876/15 954/976/954 969/991/969 16/877/16
f 14/875/14 939/961/939 954/976/954 15/876/15
f 13/874/13 924/946/924 939/961/939 14/875/14
f 12/873/12 909/931/909 924/946/924 13/874/13
f 11/872/11 894/916/894 909/931/909 12/873/12
f 10/871/10 879/888/879 894/916/894 11/872/11
f 9/869/9 864/885/864 879/888/879 10/871/10
f 1089/1157/1089 1090/1158/1090 1105/1159/1105 1104/1160/1104
f 1090/1158/1090 1091/1161/1091 1106/1162/1106 1105/1159/1105
f 1091/1161/1091 1092/1163/1092 1107/1164/1107 1106/1162/1106
f 1092/1163/1092 1093/1165/1093 1108/1166/1108 1107/1164/1107
f 1093/1165/1093 1094/1167/1094 1109/1168/1109 1108/1166/1108
f 1094/1167/1094 1095/1169/1095 1110/1170/1110 1109/1168/1109
f 1095/1169/1095 1096/1171/1096 1111/1172/1111 1110/1170/1110
f 1096/1173/1096 1097/1174/1097 1112/1175/1112 1111/1176/1111
f 1097/1174/1097 1098/1177/1098 1113/1178/1113 1112/1175/1112
f 1098/1177/1098 1099/1179/1099 1114/1180/1114 1113/1178/1113
f 1099/1179/1099 1100/1181/1100 1115/1182/1115 1114/1180/1114
f 1100/1181/1100 1101/1183/1101 1116/1184/1116 1115/1182/1115
f 1101/1183/1101 1102/1185/1102 1117/1186/1117 1116/1184/1116
f 1102/1185/1102 1103/1187/1103 1118/1188/1118 1117/1186/1117
f 1104/1160/1104 1105/1159/1105 1120/1189/1120 1119/1190/1119
f 1105/1159/1105 1106/1162/1106 1121/1191/1121 1120/1189/1120
f 1106/1162/1106 1107/1164/1107 1122/1192/1122 1121/1191/1121
f 1107/1164/1107 1108/1166/1108 1123/1193/1123 1122/1192/1122
f 1108/1166/1108 1109/1168/1109 1124/1194/1124 1123/1193/1123
f 1109/1168/1109 1110/1170/1110 1125/1195/1125 1124/1194/1124
f 1110/1170/1110 1111/1172/1111 1126/1196/1126 1125/1195/1125
f 1111/1176/1111 1112/1175/1112 1127/1197/1127 1126/1198/1126
f 1112/1175/1112 1113/1178/1113 1128/1199/1128 1127/1197/1127
f 1113/1178/1113 1114/1180/1114 1129/1200/1129 1128/1199/1128
f 1114/1180/1114 1115/1182/1115 1130/1201/1130 1129/1200/1129
f 1115/1182/1115 1116/1184/1116 1131/1202/1131 1130/1201/1130
f 1116/1184/1116 1117/1186/1117 1132/1203/1132 1131/1202/1131
f 1117/1186/1117 1118/1188/1118 1133/1204/1133 1132/1203/1132
f 1119/1190/1119 1120/1189/1120 1135/1205/1135 1134/1206/1134
f 1120/1189/1120 1121/1191/1121 1136/1207/1136 1135/1205/1135
f 1121/1191/1121 1122/1192/1122 1137/1208/1137 1136/1207/1136
f 1122/1192/1122 1123/1193/1123 1138/1209/1138 1137/1208/1137
f 1123/1193/1123 1124/1194/1124 1139/1210/1139 1138/1209/1138
f 1124/1194/1124 1125/1195/1125 1140/1211/1140 1139/1210/1139
f 1125/1195/1125 1126/1196/1126 1141/1212/1141 1140/1211/1140
f 1126/1198/1126 1127/1197/1127 1142/1213/1142 1141/1214/1141
f 1127/1197/1127 1128/1199/1128 1143/1215/1143 1142/1213/1142
f 1128/1199/1128 1129/1200/1129 1144/1216/1144 1143/1215/1143
f 1129/1200/1129 1130/1201/1130 1145/1217/1145 1144/1216/1144
f 1130/1201/1130 1131/1202/1131 1146/1218/1146 1145/1217/1145
f 1131/1202/1131 1132/1203/1132 1147/1219/1147 1146/1218/1146
f 1132/1203/1132 1133/1204/1133 1148/1220/1148 1147/1219/1147
f 1134/1206/1134 1135/1205/1135 1150/1221/1150 1149/1222/1149
f 1135/1205/1135 1136/1207/1136 1151/1223/1151 1150/1221/1150
f 1136/1207/1136 1137/1208/1137 1152/1224/1152 1151/1223/1151
f 1137/1208/1137 1138/1209/1138 1153/1225/1153 1152/1224/1152
f 1138/1209/1138 1139/1210/1139 1154/1226/1154 1153/1225/1153
f 1139/1210/1139 1140/1211/1140 1155/1227/1155 1154/1226/1154
f 1140/1211/1140 1141/1212/1141 1156/1228/1156 1155/1227/1155
f 1141/1214/1141 1142/1213/1142 1157/1229/1157 1156/1230/1156
f 1142/1213/1142 1143/1215/1143 1158/1231/1158 1157/1229/1157
f 1143/1215/1143 1144/1216/1144 1159/1232/1159 1158/1231/1158
f 1144/1216/1144 1145/1217/1145 1160/1233/1160 1159/1232/1159
f 1145/1217/1145 1146/1218/1146 1161/1234/1161 1160/1233/1160
f 1146/1218/1146 1147/1219/1147 1162/1235/1162 1161/1234/1161
f 1147/1219/1147 1148/1220/1148 1163/1236/1163 1162/1235/1162
f 1149/1222/1149 1150/1221/1150 1165/1237/1165 1164/1238/1164
f 1150/1221/1150 1151/1223/1151 1166/1239/1166 1165/1237/1165
f 1151/1223/1151 1152/1224/1152 1167/1240/1167 1166/1239/1166
f 1152/1224/1152 1153/1225/1153 1168/1241/1168 1167/1240/1167
f 1153/1225/1153 1154/1226/1154 1169/1242/1169 1168/1241/1168
f 1154/1226/1154 1155/1227/1155 1170/1243/1170 1169/1242/1169
f 1155/1227/1155 1156/1228/1156 1171/1244/1171 1170/1243/1170
f 1156/1230/1156 1157/1229/1157 1172/1245/1172 1171/1246/1171
f 1157/1229/1157 1158/1231/1158 1173/1247/1173 1172/1245/1172
f 1158/1231/1158 1159/1232/1159 1174/1248/1174 1173/1247/1173
f 1159/1232/1159 1160/1233/1160 1175/1249/1175 1174/1248/1174
f 1160/1233/1160 1161/1234/1161 1176/1250/1176 1175/1249/1175
f 1161/1234/1161 1162/1235/1162 1177/1251/1177 1176/1250/1176
f 1162/1235/1162 1163/1236/1163 1178/1252/1178 1177/1251/1177
f 1164/1238/1164 1165/1237/1165 1180/1253/1180 1179/1254/1179
f 1165/1237/1165 1166/1239/1166 1181/1255/1181 1180/1253/1180
f 1166/1239/1166 1167/1240/1167 1182/1256/1182 1181/1255/1181
f 1167/1240/1167 1168/1241/1168 1183/1257/1183 1182/1256/1182
f 1168/1241/1168 1169/1242/1169 1184/1258/1184 1183/1257/1183
f 1169/1242/1169 1170/1243/1170 1185/1259/1185 1184/1258/1184
f 1170/1243/1170 1171/1244/1171 1186/1260/1186 1185/1259/1185
f 1171/1246/1171 1172/1245/1172 1187/1261/1187 1186/1262/1186
f 1172/1245/1172 1173/1247/1173 1188/1263/1188 1187/1261/1187
f 1173/1247/1173 1174/1248/1174 1189/1264/1189 1188/1263/1188
f 1174/1248/1174 1175/1249/1175 1190/1265/1190 1189/1264/1189
f 1175/1249/1175 1176/1250/1176 1191/1266/1191 1190/1265/1190
f 1176/1250/1176 1177/1251/1177 1192/1267/1192 1191/1266/1191
f 1177/1251/1177 1178/1252/1178 1193/1268/1193 1192/1267/1192
f 1179/1254/1179 1180/1253/1180 1195/1269/1195 1194/1270/1194
f 1180/1253/1180 1181/1255/1181 1196/1271/1196 1195/1269/1195
f 1181/1255/1181 1182/1256/1182 1197/1272/1197 1196/1271/1196
f 1182/1256/1182 1183/1257/1183 1198/1273/1198 1197/1272/1197
f 1183/1257/1183 1184/1258/1184 1199/1274/1199 1198/1273/1198
f 1184/1258/1184 1185/1259/1185 1200/1275/1200 1199/1274/1199
f 1185/1259/1185 1186/1260/1186 1201/1276/1201 1200/1275/1200
f 1186/1262/1186 1187/1261/1187 1202/1277/1202 1201/1278/1201
f 1187/1261/1187 1188/1263/1188 1203/1279/1203 1202/1277/1202
f 1188/1263/1188 1189/1264/1189 1204/1280/1204 1203/1279/1203
f 1189/1264/1189 1190/1265/1190 1205/1281/1205 1204/1280/1204
f 1190/1265/1190 1191/1266/1191 1206/1282/1206 1205/1281/1205
f 1191/1266/1191 1192/1267/1192 1207/1283/1207 1206/1282/1206
f 1192/1267/1192 1193/1268/1193 1208/1284/1208 1207/1283/1207
f 1194/1285/1194 1195/1286/1195 1210/1287/1210 1209/1288/1209
f 1195/1286/1195 1196/1289/1196 1211/1290/1211 1210/1287/1210
f 1196/1289/1196 1197/1291/1197 1212/1292/1212 1211/1290/1211
f 1197/1291/1197 1198/1293/1198 1213/1294/1213 1212/1292/1212
f 1198/1293/1198 1199/1295/1199 1214/1296/1214 1213/1294/1213
f 1199/1295/1199 1200/1297/1200 1215/1298/1215 1214/1296/1214
f 1200/1297/1200 1201/1299/1201 1216/1300/1216 1215/1298/1215
f 1201/1301/1201 1202/1302/1202 1217/1303/1217 1216/1304/1216
f 1202/1302/1202 1203/1305/1203 1218/1306/1218 1217/1303/1217
f 1203/1305/1203 1204/1307/1204 1219/1308/1219 1218/1306/1218
f 1204/1307/1204 1205/1309/1205 1220/1310/1220 1219/1308/1219
f 1205/1309/1205 1206/1311/1206 1221/1312/1221 1220/1310/1220
f 1206/1311/1206 1207/1313/1207 1222/1314/1222 1221/1312/1221
f 1207/1313/1207 1208/1315/1208 1223/1316/1223 1222/1314/1222
f 1209/1288/1209 1210/1287/1210 1225/1317/1225 1224/1318/1224
f 1210/1287/1210 1211/1290/1211 1226/1319/1226 1225/1317/1225
f 1211/1290/1211 1212/1292/1212 1227/1320/1227 1226/1319/1226
f 1212/1292/1212 1213/1294/1213 1228/1321/1228 1227/1320/1227
f 1213/1294/1213 1214/1296/1214 1229/1322/1229 1228/1321/1228
f 1214/1296/1214 1215/1298/1215 1230/1323/1230 1229/1322/1229
f 1215/1298/1215 1216/1300/1216 1231/1324/1231 1230/1323/1230
f 1216/1304/1216 1217/1303/1217 1232/1325/1232 1231/1326/1231
f 1217/1303/1217 1218/1306/1218 1233/1327/1233 1232/1325/1232
f 1218/1306/1218 1219/1308/1219 1234/1328/1234 1233/1327/1233
f 1219/1308/1219 1220/1310/1220 1235/1329/1235 1234/1328/1234
f 1220/1310/1220 1221/1312/1221 1236/1330/1236 1235/1329/1235
f 1221/1312/1221 1222/1314/1222 1237/1331/1237 1236/1330/1236
f 1222/1314/1222 1223/1316/1223 1238/1332/1238 1237/1331/1237
f 1224/1318/1224 1225/1317/1225 1240/1333/1240 1239/1334/1239
f 1225/1317/1225 1226/1319/1226 1241/1335/1241 1240/1333/1240
f 1226/1319/1226 1227/1320/1227 1242/1336/1242 1241/1335/1241
f 1227/1320/1227 1228/1321/1228 1243/1337/1243 1242/1336/1242
f 1228/1321/1228 1229/1322/1229 1244/1338/1244 1243/1337/1243
f 1229/1322/1229 1230/1323/1230 1245/1339/1245 1244/1338/1244
f 1230/1323/1230 1231/1324/1231 1246/1340/1246 1245/1339/1245
f 1231/1326/1231 1232/1325/1232 1247/1341/1247 1246/1342/1246
f 1232/1325/1232 1233/1327/1233 1248/1343/1248 1247/1341/1247
f 1233/1327/1233 1234/1328/1234 1249/1344/1249 1248/1343/1248
f 1234/1328/1234 1235/1329/1235 1250/1345/1250 1249/1344/1249
f 1235/1329/1235 1236/1330/1236 1251/1346/1251 1250/1345/1250
f 1236/1330/1236 1237/1331/1237 1252/1347/1252 1251/1346/1251
f 1237/1331/1237 1238/1332/1238 1253/1348/1253 1252/1347/1252
f 1239/1334/1239 1240/1333/1240 1255/1349/1255 1254/1350/1254
f 1240/1333/1240 1241/1335/1241 1256/1351/1256 1255/1349/1255
f 1241/1335/1241 1242/1336/1242 1257/1352/1257 1256/1351/1256
f 1242/1336/1242 1243/1337/1243 1258/1353/1258 1257/1352/1257
f 1243/1337/1243 1244/1338/1244 1259/1354/1259 1258/1353/1258
f 1244/1338/1244 1245/1339/1245 1260/1355/1260 1259/1354/1259
f 1245/1339/1245 1246/1340/1246 1261/1356/1261 1260/1355/1260
f 1246/1342/1246 1247/1341/1247 1262/1357/1262 1261/1358/1261
f 1247/1341/1247 1248/1343/1248 1263/1359/1263 1262/1357/1262
f 1248/1343/1248 1249/1344/1249 1264/1360/1264 1263/1359/1263
f 1249/1344/1249 1250/1345/1250 1265/1361/1265 1264/1360/1264
f 1250/1345/1250 1251/1346/1251 1266/1362/1266 1265/1361/1265
f 1251/1346/1251 1252/1347/1252 1267/1363/1267 1266/1362/1266
f 1252/1347/1252 1253/1348/1253 1268/1364/1268 1267/1363/1267
f 1254/1350/1254 1255/1349/1255 1270/1365/1270 1269/1366/1269
f 1255/1349/1255 1256/1351/1256 1271/1367/1271 1270/1365/1270
f 1256/1351/1256 1257/1352/1257 1272/1368/1272 1271/1367/1271
f 1257/1352/1257 1258/1353/1258 1273/1369/1273 1272/1368/1272
f 1258/1353/1258 1259/1354/1259 1274/1370/1274 1273/1369/1273
f 1259/1354/1259 1260/1355/1260 1275/1371/1275 1274/1370/1274
f 1260/1355/1260 1261/1356/1261 1276/1372/1276 1275/1371/1275
f 1261/1358/1261 1262/1357/1262 1277/1373/1277 1276/1374/1276
f 1262/1357/1262 1263/1359/1263 1278/1375/1278 1277/1373/1277
f 1263/1359/1263 1264/1360/1264 1279/1376/1279 1278/1375/1278
f 1264/1360/1264 1265/1361/1265 1280/1377/1280 1279/1376/1279
f 1265/1361/1265 1266/1362/1266 1281/1378/1281 1280/1377/1280
f 1266/1362/1266 1267/1363/1267 1282/1379/1282 1281/1378/1281
f 1267/1363/1267 1268/1364/1268 1283/1380/1283 1282/1379/1282
f 1269/1366/1269 1270/1365/1270 1285/1381/1285 1284/1382/1284
f 1270/1365/1270 1271/1367/1271 1286/1383/1286 1285/1381/1285
f 1271/1367/1271 1272/1368/1272 1287/1384/1287 1286/1383/1286
f 1272/1368/1272 1273/1369/1273 1288/1385/1288 1287/1384/1287
f 1273/1369/1273 1274/1370/1274 1289/1386/1289 1288/1385/1288
f 1274/1370/1274 1275/1371/1275 1290/1387/1290 1289/1386/1289
f 1275/1371/1275 1276/1372/1276 1291/1388/1291 1290/1387/1290
f 1276/1374/1276 1277/1373/1277 1292/1389/1292 1291/1390/1291
f 1277/1373/1277 1278/1375/1278 1293/1391/1293 1292/1389/1292
f 1278/1375/1278 1279/1376/1279 1294/1392/1294 1293/1391/1293
f 1279/1376/1279 1280/1377/1280 1295/1393/1295 1294/1392/1294
f 1280/1377/1280 1281/1378/1281 1296/1394/1296 1295/1393/1295
f 1281/1378/1281 1282/1379/1282 1297/1395/1297 1296/1394/1296
f 1282/1379/1282 1283/1380/1283 1298/1396/1298 1297/1395/1297
f 1284/1382/1284 1285/1381/1285 1300/1397/1300 1299/1398/1299
f 1285/1381/1285 1286/1383/1286 1301/1399/1301 1300/1397/1300
f 1286/1383/1286 1287/1384/1287 1302/1400/1302 1301/1399/1301
f 1287/1384/1287 1288/1385/1288 1303/1401/1303 1302/1400/1302
f 1288/1385/1288 1289/1386/1289 1304/1402/1304 1303/1401/1303
f 1289/1386/1289 1290/1387/1290 1305/1403/1305 1304/1402/1304
f 1290/1387/1290 1291/1388/1291 1306/1404/1306 1305/1403/1305
f 1291/1390/1291 1292/1389/1292 1307/1405/1307 1306/1406/1306
f 1292/1389/1292 1293/1391/1293 1308/1407/1308 1307/1405/1307
f 1293/1391/1293 1294/1392/1294 1309/1408/1309 1308/1407/1308
f 1294/1392/1294 1295/1393/1295 1310/1409/1310 1309/1408/1309
f 1295/1393/1295 1296/1394/1296 1311/1410/1311 1310/1409/1310
f 1296/1394/1296 1297/1395/1297 1312/1411/1312 1311/1410/1311
f 1297/1395/1297 1298/1396/1298 1313/1412/1313 1312/1411/1312
f 2/1140/2 53/1413/53 1089/1157/1089 188/1141/188
f 53/1413/53 52/1414/52 1090/1158/1090 1089/1157/1089
f 52/1414/52 51/1415/51 1091/1161/1091 1090/1158/1090
f 51/1415/51 50/1416/50 1092/1163/1092 1091/1161/1091
f 50/1416/50 49/1417/49 1093/1165/1093 1092/1163/1092
f 49/1417/49 48/1418/48 1094/1167/1094 1093/1165/1093
f 48/1418/48 47/1419/47 1095/1169/1095 1094/1167/1094
f 47/1419/47 46/1420/46 1096/1171/1096 1095/1169/1095
f 46/1421/46 45/1422/45 1097/1174/1097 1096/1173/1096
f 45/1422/45 44/1423/44 1098/1177/1098 1097/1174/1097
f 44/1423/44 43/1424/43 1099/1179/1099 1098/1177/1098
f 43/1424/43 42/1425/42 1100/1181/1100 1099/1179/1099
f 42/1425/42 41/1426/41 1101/1183/1101 1100/1181/1100
f 41/1426/41 40/1427/40 1102/1185/1102 1101/1183/1101
f 40/1427/40 39/1428/39 1103/1187/1103 1102/1185/1102
f 39/1428/39 1/241/1 114/243/114 1103/1187/1103
f 1103/1187/1103 114/243/114 115/306/115 1118/1188/1118
f 1118/1188/1118 115/306/115 116/305/116 1133/1204/1133
f 1133/1204/1133 116/305/116 117/304/117 1148/1220/1148
f 1148/1220/1148 117/304/117 118/303/118 1163/1236/1163
f 1163/1236/1163 118/303/118 119/302/119 1178/1252/1178
f 1178/1252/1178 119/302/119 120/300/120 1193/1268/1193
f 1193/1268/1193 120/300/120 121/301/121 1208/1284/1208
f 1208/1315/1208 121/299/121 122/298/122 1223/1316/1223
f 1223/1316/1223 122/298/122 123/297/123 1238/1332/1238
f 1238/1332/1238 123/297/123 124/296/124 1253/1348/1253
f 1253/1348/1253 124/296/124 125/295/125 1268/1364/1268
f 1268/1364/1268 125/295/125 126/294/126 1283/1380/1283
f 1283/1380/1283 126/294/126 127/293/127 1298/1396/1298
f 1298/1396/1298 127/293/127 128/291/128 1313/1412/1313
f 1313/1412/1313 128/291/128 3/292/3 69/564/69
f 1312/1411/1312 1313/1412/1313 69/564/69 70/563/70
f 1311/1410/1311 1312/1411/1312 70/563/70 71/562/71
f 1310/1409/1310 1311/1410/1311 71/562/71 72/561/72
f 1309/1408/1309 1310/1409/1310 72/561/72 73/560/73
f 1308/1407/1308 1309/1408/1309 73/560/73 74/559/74
f 1307/1405/1307 1308/1407/1308 74/559/74 75/558/75
f 1306/1406/1306 1307/1405/1307 75/558/75 76/557/76
f 1305/1403/1305 1306/1404/1306 76/556/76 77/555/77
f 1304/1402/1304 1305/1403/1305 77/555/77 78/554/78
f 1303/1401/1303 1304/1402/1304 78/554/78 79/553/79
f 1302/1400/1302 1303/1401/1303 79/553/79 80/552/80
f 1301/1399/1301 1302/1400/1302 80/552/80 81/551/81
f 1300/1397/1300 1301/1399/1301 81/551/81 82/550/82
f 1299/1398/1299 1300/1397/1300 82/550/82 83/548/83
f 174/1156/174 1299/1398/1299 83/548/83 4/547/4
f 175/1155/175 1284/1382/1284 1299/1398/1299 174/1156/174
f 176/1154/176 1269/1366/1269 1284/1382/1284 175/1155/175
f 177/1153/177 1254/1350/1254 1269/1366/1269 176/1154/176
f 178/1152/178 1239/1334/1239 1254/1350/1254 177/1153/177
f 179/1151/179 1224/1318/1224 1239/1334/1239 178/1152/178
f 180/1150/180 1209/1288/1209 1224/1318/1224 179/1151/179
f 181/1149/181 1194/1285/1194 1209/1288/1209 180/1150/180
f 182/1147/182 1179/1254/1179 1194/1270/1194 181/1148/181
f 183/1146/183 1164/1238/1164 1179/1254/1179 182/1147/182
f 184/1145/184 1149/1222/1149 1164/1238/1164 183/1146/183
f 185/1144/185 1134/1206/1134 1149/1222/1149 184/1145/184
f 186/1143/186 1119/1190/1119 1134/1206/1134 185/1144/185
f 187/1142/187 1104/1160/1104 1119/1190/1119 186/1143/186
f 188/1141/188 1089/1157/1089 1104/1160/1104 187/1142/187
f 1314/1429/1314 1315/1430/1315 1330/1431/1330 1329/1432/1329
f 1315/1430/1315 1316/1433/1316 1331/1434/1331 1330/1431/1330
f 1316/1433/1316 1317/1435/1317 1332/1436/1332 1331/1434/1331
f 1317/1435/1317 1318/1437/1318 1333/1438/1333 1332/1436/1332
f 1318/1437/1318 1319/1439/1319 1334/1440/1334 1333/1438/1333
f 1319/1439/1319 1320/1441/1320 1335/1442/1335 1334/1440/1334
f 1320/1441/1320 1321/1443/1321 1336/1444/1336 1335/1442/1335
f 1321/1445/1321 1322/1446/1322 1337/1447/1337 1336/1448/1336
f 1322/1446/1322 1323/1449/1323 1338/1450/1338 1337/1447/1337
f 1323/1449/1323 1324/1451/1324 1339/1452/1339 1338/1450/1338
f 1324/1451/1324 1325/1453/1325 1340/1454/1340 1339/1452/1339
f 1325/1453/1325 1326/1455/1326 1341/1456/1341 1340/1454/1340
f 1326/1455/1326 1327/1457/1327 1342/1458/1342 1341/1456/1341
f 1327/1457/1327 1328/1459/1328 1343/1460/1343 1342/1458/1342
f 1329/1432/1329 1330/1431/1330 1345/1461/1345 1344/1462/1344
f 1330/1431/1330 1331/1434/1331 1346/1463/1346 1345/1461/1345
f 1331/1434/1331 1332/1436/1332 1347/1464/1347 1346/1463/1346
f 1332/1436/1332 1333/1438/1333 1348/1465/1348 1347/1464/1347
f 1333/1438/1333 1334/1440/1334 1349/1466/1349 1348/1465/1348
f 1334/1440/1334 1335/1442/1335 1350/1467/1350 1349/1466/1349
f 1335/1442/1335 1336/1444/1336 1351/1468/1351 1350/1467/1350
f 1336/1448/1336 1337/1447/1337 1352/1469/1352 1351/1470/1351
f 1337/1447/1337 1338/1450/1338 1353/1471/1353 1352/1469/1352
f 1338/1450/1338 1339/1452/1339 1354/1472/1354 1353/1471/1353
f 1339/1452/1339 1340/1454/1340 1355/1473/1355 1354/1472/1354
f 1340/1454/1340 1341/1456/1341 1356/1474/1356 1355/1473/1355
f 1341/1456/1341 1342/1458/1342 1357/1475/1357 1356/1474/1356
f 1342/1458/1342 1343/1460/1343 1358/1476/1358 1357/1475/1357
f 1344/1462/1344 1345/1461/1345 1360/1477/1360 1359/1478/1359
f 1345/1461/1345 1346/1463/1346 1361/1479/1361 1360/1477/1360
f 1346/1463/1346 1347/1464/1347 1362/1480/1362 1361/1479/1361
f 1347/1464/1347 1348/1465/1348 1363/1481/1363 1362/1480/1362
f 1348/1465/1348 1349/1466/1349 1364/1482/1364 1363/1481/1363
f 1349/1466/1349 1350/1467/1350 1365/1483/1365 1364/1482/1364
f 1350/1467/1350 1351/1468/1351 1366/1484/1366 1365/1483/1365
f 1351/1470/1351 1352/1469/1352 1367/1485/1367 1366/1486/1366
f 1352/1469/1352 1353/1471/1353 1368/1487/1368 1367/1485/1367
f 1353/1471/1353 1354/1472/1354 1369/1488/1369 1368/1487/1368
f 1354/1472/1354 1355/1473/1355 1370/1489/1370 1369/1488/1369
f 1355/1473/1355 1356/1474/1356 1371/1490/1371 1370/1489/1370
f 1356/1474/1356 1357/1475/1357 1372/1491/1372 1371/1490/1371
f 1357/1475/1357 1358/1476/1358 1373/1492/1373 1372/1491/1372
f 1359/1478/1359 1360/1477/1360 1375/1493/1375 1374/1494/1374
f 1360/1477/1360 1361/1479/1361 1376/1495/1376 1375/1493/1375
f 1361/1479/1361 1362/1480/1362 1377/1496/1377 1376/1495/1376
f 1362/1480/1362 1363/1481/1363 1378/1497/1378 1377/1496/1377
f 1363/1481/1363 1364/1482/1364 1379/1498/1379 1378/1497/1378
f 1364/1482/1364 1365/1483/1365 1380/1499/1380 1379/1498/1379
f 1365/1483/1365 1366/1484/1366 1381/1500/1381 1380/1499/1380
f 1366/1486/1366 1367/1485/1367 1382/1501/1382 1381/1502/1381
f 1367/1485/1367 1368/1487/1368 1383/1503/1383 1382/1501/1382
f 1368/1487/1368 1369/1488/1369 1384/1504/1384 1383/1503/1383
f 1369/1488/1369 1370/1489/1370 1385/1505/1385 1384/1504/1384
f 1370/1489/1370 1371/1490/1371 1386/1506/1386 1385/1505/1385
f 1371/1490/1371 1372/1491/1372 1387/1507/1387 1386/1506/1386
f 1372/1491/1372 1373/1492/1373 1388/1508/1388 1387/1507/1387
f 1374/1494/1374 1375/1493/1375 1390/1509/1390 1389/1510/1389
f 1375/1493/1375 1376/1495/1376 1391/1511/1391 1390/1509/1390
f 1376/1495/1376 1377/1496/1377 1392/1512/1392 1391/1511/1391
f 1377/1496/1377 1378/1497/1378 1393/1513/1393 1392/1512/1392
f 1378/1497/1378 1379/1498/1379 1394/1514/1394 1393/1513/1393
f 1379/1498/1379 1380/1499/1380 1395/1515/1395 1394/1514/1394
f 1380/1499/1380 1381/1500/1381 1396/1516/1396 1395/1515/1395
f 1381/1502/1381 1382/1501/1382 1397/1517/1397 1396/1518/1396
f 1382/1501/1382 1383/1503/1383 1398/1519/1398 1397/1517/1397
f 1383/1503/1383 1384/1504/1384 1399/1520/1399 1398/1519/1398
f 1384/1504/1384 1385/1505/1385 1400/1521/1400 1399/1520/1399
f 1385/1505/1385 1386/1506/1386 1401/1522/1401 1400/1521/1400
f 1386/1506/1386 1387/1507/1387 1402/1523/1402 1401/1522/1401
f 1387/1507/1387 1388/1508/1388 1403/1524/1403 1402/1523/1402
f 1389/1510/1389 1390/1509/1390 1405/1525/1405 1404/1526/1404
f 1390/1509/1390 1391/1511/1391 1406/1527/1406 1405/1525/1405
f 1391/1511/1391 1392/1512/1392 1407/1528/1407 1406/1527/1406
f 1392/1512/1392 1393/1513/1393 1408/1529/1408 1407/1528/1407
f 1393/1513/1393 1394/1514/1394 1409/1530/1409 1408/1529/1408
f 1394/1514/1394 1395/1515/1395 1410/1531/1410 1409/1530/1409
f 1395/1515/1395 1396/1516/1396 1411/1532/1411 1410/1531/1410
f 1396/1518/1396 1397/1517/1397 1412/1533/1412 1411/1534/1411
f 1397/1517/1397 1398/1519/1398 1413/1535/1413 1412/1533/1412
f 1398/1519/1398 1399/1520/1399 1414/1536/1414 1413/1535/1413
f 1399/1520/1399 1400/1521/1400 1415/1537/1415 1414/1536/1414
f 1400/1521/1400 1401/1522/1401 1416/1538/1416 1415/1537/1415
f 1401/1522/1401 1402/1523/1402 1417/1539/1417 1416/1538/1416
f 1402/1523/1402 1403/1524/1403 1418/1540/1418 1417/1539/1417
f 1404/1526/1404 1405/1525/1405 1420/1541/1420 1419/1542/1419
f 1405/1525/1405 1406/1527/1406 1421/1543/1421 1420/1541/1420
f 1406/1527/1406 1407/1528/1407 1422/1544/1422 1421/1543/1421
f 1407/1528/1407 1408/1529/1408 1423/1545/1423 1422/1544/1422
f 1408/1529/1408 1409/1530/1409 1424/1546/1424 1423/1545/1423
f 1409/1530/1409 1410/1531/1410 1425/1547/1425 1424/1546/1424
f 1410/1531/1410 1411/1532/1411 1426/1548/1426 1425/1547/1425
f 1411/1534/1411 1412/1533/1412 1427/1549/1427 1426/1550/1426
f 1412/1533/1412 1413/1535/1413 1428/1551/1428 1427/1549/1427
f 1413/1535/1413 1414/1536/1414 1429/1552/1429 1428/1551/1428
f 1414/1536/1414 1415/1537/1415 1430/1553/1430 1429/1552/1429
f 1415/1537/1415 1416/1538/1416 1431/1554/1431 1430/1553/1430
f 1416/1538/1416 1417/1539/1417 1432/1555/1432 1431/1554/1431
f 1417/1539/1417 1418/1540/1418 1433/1556/1433 1432/1555/1432
f 1419/1542/1419 1420/1541/1420 1435/1557/1435 1434/1558/1434
f 1420/1541/1420 1421/1543/1421 1436/1559/1436 1435/1557/1435
f 1421/1543/1421 1422/1544/1422 1437/1560/1437 1436/1559/1436
f 1422/1544/1422 1423/1545/1423 1438/1561/1438 1437/1560/1437
f 1423/1545/1423 1424/1546/1424 1439/1562/1439 1438/1561/1438
f 1424/1546/1424 1425/1547/1425 1440/1563/1440 1439/1562/1439
f 1425/1547/1425 1426/1548/1426 1441/1564/1441 1440/1563/1440
f 1426/1550/1426 1427/1549/1427 1442/1565/1442 1441/1566/1441
f 1427/1549/1427 1428/1551/1428 1443/1567/1443 1442/1565/1442
f 1428/1551/1428 1429/1552/1429 1444/1568/1444 1443/1567/1443
f 1429/1552/1429 1430/1553/1430 1445/1569/1445 1444/1568/1444
f 1430/1553/1430 1431/1554/1431 1446/1570/1446 1445/1569/1445
f 1431/1554/1431 1432/1555/1432 1447/1571/1447 1446/1570/1446
f 1432/1555/1432 1433/1556/1433 1448/1572/1448 1447/1571/1447
f 1434/1558/1434 1435/1557/1435 1450/1573/1450 1449/1574/1449
f 1435/1557/1435 1436/1559/1436 1451/1575/1451 1450/1573/1450
f 1436/1559/1436 1437/1560/1437 1452/1576/1452 1451/1575/1451
f 1437/1560/1437 1438/1561/1438 1453/1577/1453 1452/1576/1452
f 1438/1561/1438 1439/1562/1439 1454/1578/1454 1453/1577/1453
f 1439/1562/1439 1440/1563/1440 1455/1579/1455 1454/1578/1454
f 1440/1563/1440 1441/1564/1441 1456/1580/1456 1455/1579/1455
f 1441/1566/1441 1442/1565/1442 1457/1581/1457 1456/1582/1456
f 1442/1565/1442 1443/1567/1443 1458/1583/1458 1457/1581/1457
f 1443/1567/1443 1444/1568/1444 1459/1584/1459 1458/1583/1458
f 1444/1568/1444 1445/1569/1445 1460/1585/1460 1459/1584/1459
f 1445/1569/1445 1446/1570/1446 1461/1586/1461 1460/1585/1460
f 1446/1570/1446 1447/1571/1447 1462/1587/1462 1461/1586/1461
f 1447/1571/1447 1448/1572/1448 1463/1588/1463 1462/1587/1462
f 1449/1574/1449 1450/1573/1450 1465/1589/1465 1464/1590/1464
f 1450/1573/1450 1451/1575/1451 1466/1591/1466 1465/1589/1465
f 1451/1575/1451 1452/1576/1452 1467/1592/1467 1466/1591/1466
f 1452/1576/1452 1453/1577/1453 1468/1593/1468 1467/1592/1467
f 1453/1577/1453 1454/1578/1454 1469/1594/1469 1468/1593/1468
f 1454/1578/1454 1455/1579/1455 1470/1595/1470 1469/1594/1469
f 1455/1579/1455 1456/1580/1456 1471/1596/1471 1470/1595/1470
f 1456/1582/1456 1457/1581/1457 1472/1597/1472 1471/1598/1471
f 1457/1581/1457 1458/1583/1458 1473/1599/1473 1472/1597/1472
f 1458/1583/1458 1459/1584/1459 1474/1600/1474 1473/1599/1473
f 1459/1584/1459 1460/1585/1460 1475/1601/1475 1474/1600/1474
f 1460/1585/1460 1461/1586/1461 1476/1602/1476 1475/1601/1475
f 1461/1586/1461 1462/1587/1462 1477/1603/1477 1476/1602/1476
f 1462/1587/1462 1463/1588/1463 1478/1604/1478 1477/1603/1477
f 1464/1590/1464 1465/1589/1465 1480/1605/1480 1479/1606/1479
f 1465/1589/1465 1466/1591/1466 1481/1607/1481 1480/1605/1480
f 1466/1591/1466 1467/1592/1467 1482/1608/1482 1481/1607/1481
f 1467/1592/1467 1468/1593/1468 1483/1609/1483 1482/1608/1482
f 1468/1593/1468 1469/1594/1469 1484/1610/1484 1483/1609/1483
f 1469/1594/1469 1470/1595/1470 1485/1611/1485 1484/1610/1484
f 1470/1595/1470 1471/1596/1471 1486/1612/1486 1485/1611/1485
f 1471/1598/1471 1472/1597/1472 1487/1613/1487 1486/1614/1486
f 1472/1597/1472 1473/1599/1473 1488/1615/1488 1487/1613/1487
f 1473/1599/1473 1474/1600/1474 1489/1616/1489 1488/1615/1488
f 1474/1600/1474 1475/1601/1475 1490/1617/1490 1489/1616/1489
f 1475/1601/1475 1476/1602/1476 1491/1618/1491 1490/1617/1490
f 1476/1602/1476 1477/1603/1477 1492/1619/1492 1491/1618/1491
f 1477/1603/1477 1478/1604/1478 1493/1620/1493 1492/1619/1492
f 1479/1606/1479 1480/1605/1480 1495/1621/1495 1494/1622/1494
f 1480/1605/1480 1481/1607/1481 1496/1623/1496 1495/1621/1495
f 1481/1607/1481 1482/1608/1482 1497/1624/1497 1496/1623/1496
f 1482/1608/1482 1483/1609/1483 1498/1625/1498 1497/1624/1497
f 1483/1609/1483 1484/1610/1484 1499/1626/1499 1498/1625/1498
f 1484/1610/1484 1485/1611/1485 1500/1627/1500 1499/1626/1499
f 1485/1611/1485 1486/1612/1486 1501/1628/1501 1500/1627/1500
f 1486/1614/1486 1487/1613/1487 1502/1629/1502 1501/1630/1501
f 1487/1613/1487 1488/1615/1488 1503/1631/1503 1502/1629/1502
f 1488/1615/1488 1489/1616/1489 1504/1632/1504 1503/1631/1503
f 1489/1616/1489 1490/1617/1490 1505/1633/1505 1504/1632/1504
f 1490/1617/1490 1491/1618/1491 1506/1634/1506 1505/1633/1505
f 1491/1618/1491 1492/1619/1492 1507/1635/1507 1506/1634/1506
f 1492/1619/1492 1493/1620/1493 1508/1636/1508 1507/1635/1507
f 1494/1622/1494 1495/1621/1495 1510/1637/1510 1509/1638/1509
f 1495/1621/1495 1496/1623/1496 1511/1639/1511 1510/1637/1510
f 1496/1623/1496 1497/1624/1497 1512/1640/1512 1511/1639/1511
f 1497/1624/1497 1498/1625/1498 1513/1641/1513 1512/1640/1512
f 1498/1625/1498 1499/1626/1499 1514/1642/1514 1513/1641/1513
f 1499/1626/1499 1500/1627/1500 1515/1643/1515 1514/1642/1514
f 1500/1627/1500 1501/1628/1501 1516/1644/1516 1515/1643/1515
f 1501/1630/1501 1502/1629/1502 1517/1645/1517 1516/1646/1516
f 1502/1629/1502 1503/1631/1503 1518/1647/1518 1517/1645/1517
f 1503/1631/1503 1504/1632/1504 1519/1648/1519 1518/1647/1518
f 1504/1632/1504 1505/1633/1505 1520/1649/1520 1519/1648/1519
f 1505/1633/1505 1506/1634/1506 1521/1650/1521 1520/1649/1520
f 1506/1634/1506 1507/1635/1507 1522/1651/1522 1521/1650/1521
f 1507/1635/1507 1508/1636/1508 1523/1652/1523 1522/1651/1522
f 1509/1638/1509 1510/1637/1510 1525/1653/1525 1524/1654/1524
f 1510/1637/1510 1511/1639/1511 1526/1655/1526 1525/1653/1525
f 1511/1639/1511 1512/1640/1512 1527/1656/1527 1526/1655/1526
f 1512/1640/1512 1513/1641/1513 1528/1657/1528 1527/1656/1527
f 1513/1641/1513 1514/1642/1514 1529/1658/1529 1528/1657/1528
f 1514/1642/1514 1515/1643/1515 1530/1659/1530 1529/1658/1529
f 1515/1643/1515 1516/1644/1516 1531/1660/1531 1530/1659/1530
f 1516/1646/1516 1517/1645/1517 1532/1661/1532 1531/1662/1531
f 1517/1645/1517 1518/1647/1518 1533/1663/1533 1532/1661/1532
f 1518/1647/1518 1519/1648/1519 1534/1664/1534 1533/1663/1533
f 1519/1648/1519 1520/1649/1520 1535/1665/1535 1534/1664/1534
f 1520/1649/1520 1521/1650/1521 1536/1666/1536 1535/1665/1535
f 1521/1650/1521 1522/1651/1522 1537/1667/1537 1536/1666/1536
f 1522/1651/1522 1523/1652/1523 1538/1668/1538 1537/1667/1537
f 6/870/6 98/868/98 1314/1429/1314 38/1125/38
f 98/868/98 97/867/97 1315/1430/1315 1314/1429/1314
f 97/867/97 96/866/96 1316/1433/1316 1315/1430/1315
f 96/866/96 95/865/95 1317/1435/1317 1316/1433/1316
f 95/865/95 94/864/94 1318/1437/1318 1317/1435/1317
f 94/864/94 93/863/93 1319/1439/1319 1318/1437/1318
f 93/863/93 92/862/92 1320/1441/1320 1319/1439/1319
f 92/862/92 91/861/91 1321/1443/1321 1320/1441/1320
f 91/860/91 90/859/90 1322/1446/1322 1321/1445/1321
f 90/859/90 89/858/89 1323/1449/1323 1322/1446/1322
f 89/858/89 88/857/88 1324/1451/1324 1323/1449/1323
f 88/857/88 87/856/87 1325/1453/1325 1324/1451/1324
f 87/856/87 86/855/86 1326/1455/1326 1325/1453/1325
f 86/855/86 85/854/85 1327/1457/1327 1326/1455/1326
f 85/854/85 84/853/84 1328/1459/1328 1327/1457/1327
f 84/853/84 5/258/5 159/257/159 1328/1459/1328
f 1328/1459/1328 159/257/159 160/256/160 1343/1460/1343
f 1343/1460/1343 160/256/160 161/255/161 1358/1476/1358
f 1358/1476/1358 161/255/161 162/254/162 1373/1492/1373
f 1373/1492/1373 162/254/162 163/253/163 1388/1508/1388
f 1388/1508/1388 163/253/163 164/252/164 1403/1524/1403
f 1403/1524/1403 164/252/164 165/251/165 1418/1540/1418
f 1418/1540/1418 165/251/165 166/250/166 1433/1556/1433
f 1433/1556/1433 166/250/166 167/249/167 1448/1572/1448
f 1448/1572/1448 167/249/167 168/248/168 1463/1588/1463
f 1463/1588/1463 168/248/168 169/247/169 1478/1604/1478
f 1478/1604/1478 169/247/169 170/246/170 1493/1620/1493
f 1493/1620/1493 170/246/170 171/245/171 1508/1636/1508
f 1508/1636/1508 171/245/171 172/244/172 1523/1652/1523
f 1523/1652/1523 172/244/172 173/242/173 1538/1668/1538
f 1538/1668/1538 173/242/173 1/241/1 39/1428/39
f 1537/1667/1537 1538/1668/1538 39/1428/39 40/1427/40
f 1536/1666/1536 1537/1667/1537 40/1427/40 41/1426/41
f 1535/1665/1535 1536/1666/1536 41/1426/41 42/1425/42
f 1534/1664/1534 1535/1665/1535 42/1425/42 43/1424/43
f 1533/1663/1533 1534/1664/1534 43/1424/43 44/1423/44
f 1532/1661/1532 1533/1663/1533 44/1423/44 45/1422/45
f 1531/1662/1531 1532/1661/1532 45/1422/45 46/1421/46
f 1530/1659/1530 1531/1660/1531 46/1420/46 47/1419/47
f 1529/1658/1529 1530/1659/1530 47/1419/47 48/1418/48
f 1528/1657/1528 1529/1658/1529 48/1418/48 49/1417/49
f 1527/1656/1527 1528/1657/1528 49/1417/49 50/1416/50
f 1526/1655/1526 1527/1656/1527 50/1416/50 51/1415/51
f 1525/1653/1525 1526/1655/1526 51/1415/51 52/1414/52
f 1524/1654/1524 1525/1653/1525 52/1414/52 53/1413/53
f 24/1139/24 1524/1654/1524 53/1413/53 2/1140/2
f 25/1138/25 1509/1638/1509 1524/1654/1524 24/1139/24
f 26/1137/26 1494/1622/1494 1509/1638/1509 25/1138/25
f 27/1136/27 1479/1606/1479 1494/1622/1494 26/1137/26
f 28/1135/28 1464/1590/1464 1479/1606/1479 27/1136/27
f 29/1134/29 1449/1574/1449 1464/1590/1464 28/1135/28
f 30/1133/30 1434/1558/1434 1449/1574/1449 29/1134/29
f 31/1132/31 1419/1542/1419 1434/1558/1434 30/1133/30
f 32/1131/32 1404/1526/1404 1419/1542/1419 31/1132/31
f 33/1130/33 1389/1510/1389 1404/1526/1404 32/1131/32
f 34/1129/34 1374/1494/1374 1389/1510/1389 33/1130/33
f 35/1128/35 1359/1478/1359 1374/1494/1374 34/1129/34
f 36/1127/36 1344/1462/1344 1359/1478/1359 35/1128/35
f 37/1126/37 1329/1432/1329 1344/1462/1344 36/1127/36
f 38/1125/38 1314/1429/1314 1329/1432/1329 37/1126/37
